Workbook
Name _666三听: 技能数计算!$AS$6
Name delta攻击: 属性常数!$B$27
Name delta会效: 属性常数!$B$31
Name delta会心: 属性常数!$B$30
Name delta破防: 属性常数!$B$32
Name delta破招: 属性常数!$B$33
Name delta身法: 属性常数!$B$29
Name delta无双: 属性常数!$B$34
Name delta武伤: 属性常数!$B$28
Name 碧归: 技能数据库!$M$40
Name 残雪: 技能数据库!$M$41
Name 层云: 技能数据库!$M$42
Name 橙武补雾锁: 技能数计算!$AN$66
Name 创意食品: 额外属性!$C$66:$C$69
Name 创意食品减益: 额外属性!$C$63:$C$65
Name 次等蓝色无双: 附魔库!$K$12
Name 次等挑战紫色攻击: 附魔库!$E$6
Name 次等挑战紫色身法: 附魔库!$E$8
Name 次等挑战紫色体质: 附魔库!$E$9
Name 次等挑战紫色通用: 附魔库!$E$7
Name 次等紫色攻击: 附魔库!$I$6
Name 次等紫色气血: 附魔库!$I$10
Name 次等紫色身法: 附魔库!$I$8
Name 次等紫色体质: 附魔库!$I$9
Name 次等紫色通用: 附魔库!$I$7
Name 次等紫色武器伤害: 附魔库!$I$11
Name 岱宗: 技能数据库!$M$43
Name 等级系数130: 属性常数!$G$12
Name 等级系数131: 属性常数!$G$13
Name 等级系数132: 属性常数!$G$14
Name 等级系数133: 属性常数!$G$15
Name 等级系数134: 属性常数!$G$16
Name 第一属性: 镶嵌库!$E$30:$E$39
Name 叠峰意: 技能数据库!$M$73
Name 二属性攻击: 镶嵌库!$H$30:$H$35
Name 二属性会效: 镶嵌库!$K$30:$K$34
Name 二属性会心: 镶嵌库!$J$30:$J$32
Name 二属性加速: 镶嵌库!$O$30:$O$32
Name 二属性精简: 镶嵌库!$N$30
Name 二属性破防: 镶嵌库!$I$30:$I$34
Name 二属性破招: 镶嵌库!$L$30:$L$33
Name 二属性身法: 镶嵌库!$G$30:$G$33
Name 二属性无双: 镶嵌库!$M$30:$M$33
Name 二属性武器伤害: 镶嵌库!$P$30:$P$34
Name 飞来闻踪: 技能数据库!$M$44
Name 非侠士伤害: 属性常数!$B$25
Name 风车GCD: 加速!$E$15
Name 风来2会: 技能数据库!$M$21
Name 风来2伤: 技能数据库!$M$19
Name 风来3会: 技能数据库!$M$20
Name 风来3伤: 技能数据库!$M$18
Name 风来4伤: 技能数据库!$M$17
Name 风来秘籍: 技能数据库!$M$17:$M$21
Name 攻击系数库: 技能数据库!$G$2:$G$500
Name 固定伤害库: 技能数据库!$C$2:$C$500
Name 撼岳: 技能数据库!$M$45
Name 鹤归_CD1: 技能数据库!$M$33
Name 鹤归_CD2: 技能数据库!$M$34
Name 鹤归2会: 技能数据库!$M$38
Name 鹤归3伤: 技能数据库!$M$37

Sheet 属性常数
A1: 字段 | B1: 属性 | C1: 全局系数 | D1: 130级系数 | F1: 等级 | G1: 等级常数
A2: fCriticalStrikeParam | B2: 会心 | C2: 9.985 | D2: =C2*$G$12 -> 197703 | F2: 120 | G2: =1155*F2-130350 -> 8250
A3: fCriticalStrikePowerParam | B3: 会效 | C3: 3.679 | D3: =C3*$G$12 -> 72844.2 | F3: 121 | G3: =1155*F3-130350 -> 9405
A4: fDefCriticalStrikeParam | B4: 御劲 | C4: 9.985 | D4: =C4*$G$12 -> 197703 | F4: 122 | G4: =1155*F4-130350 -> 10560
A5: fDecriticalStrikePowerParam | B5: 化劲 | C5: 1.669 | D5: =C5*$G$12 -> 33046.2 | F5: 123 | G5: =1155*F5-130350 -> 11715
A6: fHitValueParam | B6: 命中 | C6: 7.644 | D6: =C6*$G$12 -> 151351.2 | F6: 124 | G6: =1155*F6-130350 -> 12870
A7: fDodgeParam | B7: 闪避 | C7: 4.628 | D7: =C7*$G$12 -> 91634.4 | F7: 125 | G7: =1155*F7-130350 -> 14025
A8: fParryParam | B8: 招架 | C8: 5.432 | D8: =C8*$G$12 -> 107553.6 | F8: 126 | G8: =1155*F8-130350 -> 15180
A9: fInsightParam | B9: 无双 | C9: 6.734 | D9: =C9*$G$12 -> 133333.2 | F9: 127 | G9: =1155*F9-130350 -> 16335
A10: fPhysicsShieldParam | B10: 外防 | C10: 6.364 | D10: =C10*$G$12 -> 126007.2 | F10: 128 | G10: =1155*F10-130350 -> 17490
A11: fMagicShieldParam | B11: 内防 | C11: 6.364 | D11: =C11*$G$12 -> 126007.2 | F11: 129 | G11: =1155*F11-130350 -> 18645
A12: fOvercomeParam | B12: 破防 | C12: 11.412 | D12: =C12*$G$12 -> 225957.6 | F12: 130 | G12: =1155*F12-130350 -> 19800
A13: fHasteRate | B13: 急速 | C13: 10.61 | D13: =C13*$G$12 -> 210078 | F13: 131 | G13: =1155*F13-130350 -> 20955
A14: fToughnessDecirDamageCof | B14: 御劲减会伤 | C14: 2.784 | D14: =C14*$G$12 -> 55123.2 | F14: 132 | G14: =1155*F14-130350 -> 22110
A15: fSurplusParam | B15: 破招 | C15: 8.534 | F15: 133 | G15: =1155*F15-130350 -> 23265
F16: 134 | G16: =1155*F16-130350 -> 24420
A18: 力道转基础攻击 | B18: 0.163
A19: 力道转基础破防 | B19: 0.3
A20: 身法转基础会心 | B20: 0.9
A21: 身法转额外攻击 | B21: =C21/1024 -> 1.7998047 | C21: 1843
A22: 身法转额外破防 | B22: =C22/1024 -> 0.28027344 | C22: 287
A23: 全能转无双 | B23: 1.5
A24: 全能转破招 | B24: 0.5
A25: 非侠士伤害 | B25: 154
A26: delta是否启用 | C26: 1 | E26: 陆级五彩石1 | F26: 附魔 | G26: 8级五行石 | H26: 同分
A27: delta攻击 | B27: =$C$26*C27 -> 397 | C27: =INDEX($E$27:$H$34,ROW()-ROW($C$26),IFERROR(MATCH(配装计算器!$N$2,属性常数!$E$26:$H$26,0),1)) -> 397 | E27: 397 | F27: 652 | G27: 260 | H27: 24.890447
A28: delta武伤 | B28: =$C$26*C28 -> 596.25 | C28: =INDEX($E$27:$H$34,ROW()-ROW($C$26),IFERROR(MATCH(配装计算器!$N$2,属性常数!$E$26:$H$26,0),1)) -> 596.25 | E28: =2385/4 -> 596.25 | F28: 984 | G28: 391 | H28: 37.510955
A29: delta身法 | B29: =$C$26*C29 -> 188 | C29: =INDEX($E$27:$H$34,ROW()-ROW($C$26),IFERROR(MATCH(配装计算器!$N$2,属性常数!$E$26:$H$26,0),1)) -> 188 | E29: 188 | F29: 308 | G29: 122 | H29: 11.744084
A30: delta会心 | B30: =$C$26*C30 -> 1463 | C30: =INDEX($E$27:$H$34,ROW()-ROW($C$26),IFERROR(MATCH(配装计算器!$N$2,属性常数!$E$26:$H$26,0),1)) -> 1463 | E30: 1463 | F30: 2401 | G30: 960 | H30: 91.542507
A31: delta会效 | B31: =$C$26*C31 -> 1463 | C31: =INDEX($E$27:$H$34,ROW()-ROW($C$26),IFERROR(MATCH(配装计算器!$N$2,属性常数!$E$26:$H$26,0),1)) -> 1463 | E31: 1463 | F31: 2401 | G31: 960 | H31: 91.542507
A32: delta破防 | B32: =$C$26*C32 -> 1463 | C32: =INDEX($E$27:$H$34,ROW()-ROW($C$26),IFERROR(MATCH(配装计算器!$N$2,属性常数!$E$26:$H$26,0),1)) -> 1463 | E32: 1463 | F32: 2401 | G32: 960 | H32: 91.542507
A33: delta破招 | B33: =$C$26*C33 -> 1463 | C33: =INDEX($E$27:$H$34,ROW()-ROW($C$26),IFERROR(MATCH(配装计算器!$N$2,属性常数!$E$26:$H$26,0),1)) -> 1463 | E33: 1463 | F33: 2401 | G33: 960 | H33: 91.542507
A34: delta无双 | B34: =$C$26*C34 -> 1463 | C34: =INDEX($E$27:$H$34,ROW()-ROW($C$26),IFERROR(MATCH(配装计算器!$N$2,属性常数!$E$26:$H$26,0),1)) -> 1463 | E34: 1463 | F34: 2401 | G34: 960 | H34: 91.542507
A36: 自输入属性 | B36: =IFERROR(COUNTIF(配装计算器!R4,属性常数!A36),0) -> 0
A37: 内置配装器 | B37: =1-B36 -> 1

Sheet 装备库
A1: 部位 | B1: 装备ID | C1: 装备名称 | D1: 装备等级 | E1: 显示名称 | F1: 体质 | G1: 身法 | H1: 力道 | I1: 攻击 | J1: 会心 | K1: 会效 | L1: 破防 | M1: 破招 | N1: 无双 | O1: 加速 | P1: 全能 | Q1: 御劲 | R1: 武器伤害 | S1: 武器伤害2 | T1: 简称 | U1: 最大可精炼等级 | V1: 装备来源 | W1: 孔1 | X1: 孔2 | Y1: 孔3 | Z1: PVE装备 | AA1: 品级 | AB1: 会心 | AC1: 会效 | AD1: 破防 | AE1: 破招 | AF1: 无双 | AG1: 加速 | AH1: 全能 | AI1: 精简 | AJ1: 筛选结果 | AK1: 累计装备数 | AQ1: 会心 | AR1: 会效 | AS1: 破防 | AT1: 破招 | AU1: 无双 | AV1: 加速 | AW1: 全能 | AX1: 精简
A2: 暗器 | B2: 6_43603 | C2: 智渊囊 | D2: 30200 | E2: 智渊囊(30200破全) | F2: 9948 | G2: 754 | I2: 1229 | J2: 0 | K2: 0 | L2: 6783 | M2: 0 | N2: 0 | O2: 0 | P2: 2713 | R2: 0 | S2: 0 | T2: 破全 | U2: 6 | V2: 副本 | W2: 身法孔 | Z2: 2 | AA2: =IF(AND(D2>=配装计算器!$I$29,D2<=配装计算器!$I$30),1,0) -> 1 | AB2: =IF(J2>0,1,0) -> 0 | AC2: =IF(K2>0,1,0) -> 0 | AD2: =IF(L2>0,1,0) -> 1 | AE2: =IF(M2>0,1,0) -> 0 | AF2: =IF(N2>0,1,0) -> 0 | AG2: =IF(O2>0,1,0) -> 0 | AH2: =IF(P2>0,1,0) -> 1 | AI2: =IF(COUNTIF(T2,"*"&"精简"&"*")>0,1,0) -> 0 | AJ2: =MIN(1,AA2*($AY$2+IF(AND(AB2>=$AQ$3,AC2>=$AR$3,AD2>=$AS$3,AE2>=$AT$3,AF2>=$AU$3,AG2>=$AV$3,AH2>=$AW$3,AI2>=$AX$3),1,0))) -> 1 | AK2: =SUM(AJ$2:$AJ2) -> 1 | AQ2: FALSE | AR2: FALSE | AS2: FALSE | AT2: FALSE | AU2: FALSE | AV2: FALSE | AW2: FALSE | AX2: FALSE | AY2: =IF(SUM(AQ3:AX3)=0,1,0) -> 1
A3: 暗器 | B3: 6_43641 | C3: 镂云囊 | D3: 30200 | E3: 镂云囊(30200会全) | F3: 9948 | G3: 754 | I3: 1229 | J3: 6783 | K3: 0 | L3: 0 | M3: 0 | N3: 0 | O3: 0 | P3: 2713 | R3: 0 | S3: 0 | T3: 会全 | U3: 6 | V3: 副本 | W3: 会心孔 | Z3: 2 | AA3: =IF(AND(D3>=配装计算器!$I$29,D3<=配装计算器!$I$30),1,0) -> 1 | AB3: =IF(J3>0,1,0) -> 1 | AC3: =IF(K3>0,1,0) -> 0 | AD3: =IF(L3>0,1,0) -> 0 | AE3: =IF(M3>0,1,0) -> 0 | AF3: =IF(N3>0,1,0) -> 0 | AG3: =IF(O3>0,1,0) -> 0 | AH3: =IF(P3>0,1,0) -> 1 | AI3: =IF(COUNTIF(T3,"*"&"精简"&"*")>0,1,0) -> 0 | AJ3: =MIN(1,AA3*($AY$2+IF(AND(AB3>=$AQ$3,AC3>=$AR$3,AD3>=$AS$3,AE3>=$AT$3,AF3>=$AU$3,AG3>=$AV$3,AH3>=$AW$3,AI3>=$AX$3),1,0))) -> 1 | AK3: =SUM(AJ$2:$AJ3) -> 2 | AQ3: =INT(AQ2) -> 0 | AR3: =INT(AR2) -> 0 | AS3: =INT(AS2) -> 0 | AT3: =INT(AT2) -> 0 | AU3: =INT(AU2) -> 0 | AV3: =INT(AV2) -> 0 | AW3: =INT(AW2) -> 0 | AX3: =INT(AX2) -> 0
A4: 暗器 | B4: 6_45633 | C4: 臻泽囊 | D4: 30200 | E4: 臻泽囊(30200会全) | F4: 9948 | G4: 754 | I4: 1229 | J4: 6783 | K4: 0 | L4: 0 | M4: 0 | N4: 0 | O4: 0 | P4: 2713 | R4: 0 | S4: 0 | T4: 会全 | U4: 6 | V4: 活动 | W4: 会心孔 | Z4: 2 | AA4: =IF(AND(D4>=配装计算器!$I$29,D4<=配装计算器!$I$30),1,0) -> 1 | AB4: =IF(J4>0,1,0) -> 1 | AC4: =IF(K4>0,1,0) -> 0 | AD4: =IF(L4>0,1,0) -> 0 | AE4: =IF(M4>0,1,0) -> 0 | AF4: =IF(N4>0,1,0) -> 0 | AG4: =IF(O4>0,1,0) -> 0 | AH4: =IF(P4>0,1,0) -> 1 | AI4: =IF(COUNTIF(T4,"*"&"精简"&"*")>0,1,0) -> 0 | AJ4: =MIN(1,AA4*($AY$2+IF(AND(AB4>=$AQ$3,AC4>=$AR$3,AD4>=$AS$3,AE4>=$AT$3,AF4>=$AU$3,AG4>=$AV$3,AH4>=$AW$3,AI4>=$AX$3),1,0))) -> 1 | AK4: =SUM(AJ$2:$AJ4) -> 3
A5: 暗器 | B5: 6_43372 | C5: 孤城惊梦·迷烟囊 | D5: 30200 | E5: 孤城惊梦·迷烟囊(30200会无) | F5: 9948 | G5: 812 | I5: 1843 | J5: 6783 | K5: 0 | L5: 0 | M5: 0 | N5: 5426 | O5: 0 | P5: 0 | R5: 0 | S5: 0 | T5: 会无 | U5: 6 | V5: 飞沙令 | W5: 会心孔 | Z5: 1 | AA5: =IF(AND(D5>=配装计算器!$I$29,D5<=配装计算器!$I$30),1,0) -> 1 | AB5: =IF(J5>0,1,0) -> 1 | AC5: =IF(K5>0,1,0) -> 0 | AD5: =IF(L5>0,1,0) -> 0 | AE5: =IF(M5>0,1,0) -> 0 | AF5: =IF(N5>0,1,0) -> 1 | AG5: =IF(O5>0,1,0) -> 0 | AH5: =IF(P5>0,1,0) -> 0 | AI5: =IF(COUNTIF(T5,"*"&"精简"&"*")>0,1,0) -> 0 | AJ5: =MIN(1,AA5*($AY$2+IF(AND(AB5>=$AQ$3,AC5>=$AR$3,AD5>=$AS$3,AE5>=$AT$3,AF5>=$AU$3,AG5>=$AV$3,AH5>=$AW$3,AI5>=$AX$3),1,0))) -> 1 | AK5: =SUM(AJ$2:$AJ5) -> 4
A6: 暗器 | B6: 6_40579 | C6: 羽缀囊 | D6: 30200 | E6: 羽缀囊(30200招无) | F6: 9948 | G6: 812 | I6: 1843 | J6: 0 | K6: 0 | L6: 0 | M6: 6783 | N6: 5426 | O6: 0 | P6: 0 | R6: 0 | S6: 0 | T6: 招无 | U6: 6 | V6: 副本 | W6: 无双孔 | Z6: 1 | AA6: =IF(AND(D6>=配装计算器!$I$29,D6<=配装计算器!$I$30),1,0) -> 1 | AB6: =IF(J6>0,1,0) -> 0 | AC6: =IF(K6>0,1,0) -> 0 | AD6: =IF(L6>0,1,0) -> 0 | AE6: =IF(M6>0,1,0) -> 1 | AF6: =IF(N6>0,1,0) -> 1 | AG6: =IF(O6>0,1,0) -> 0 | AH6: =IF(P6>0,1,0) -> 0 | AI6: =IF(COUNTIF(T6,"*"&"精简"&"*")>0,1,0) -> 0 | AJ6: =MIN(1,AA6*($AY$2+IF(AND(AB6>=$AQ$3,AC6>=$AR$3,AD6>=$AS$3,AE6>=$AT$3,AF6>=$AU$3,AG6>=$AV$3,AH6>=$AW$3,AI6>=$AX$3),1,0))) -> 1 | AK6: =SUM(AJ$2:$AJ6) -> 5
A7: 暗器 | B7: 6_41292 | C7: 焚膏继晷 | D7: 30200 | E7: 焚膏继晷(30200招无) | F7: 9948 | G7: 812 | I7: 1843 | J7: 0 | K7: 0 | L7: 0 | M7: 6783 | N7: 5426 | O7: 0 | P7: 0 | R7: 0 | S7: 0 | T7: 招无 | U7: 6 | V7: 副本 | W7: 无双孔 | Z7: 1 | AA7: =IF(AND(D7>=配装计算器!$I$29,D7<=配装计算器!$I$30),1,0) -> 1 | AB7: =IF(J7>0,1,0) -> 0 | AC7: =IF(K7>0,1,0) -> 0 | AD7: =IF(L7>0,1,0) -> 0 | AE7: =IF(M7>0,1,0) -> 1 | AF7: =IF(N7>0,1,0) -> 1 | AG7: =IF(O7>0,1,0) -> 0 | AH7: =IF(P7>0,1,0) -> 0 | AI7: =IF(COUNTIF(T7,"*"&"精简"&"*")>0,1,0) -> 0 | AJ7: =MIN(1,AA7*($AY$2+IF(AND(AB7>=$AQ$3,AC7>=$AR$3,AD7>=$AS$3,AE7>=$AT$3,AF7>=$AU$3,AG7>=$AV$3,AH7>=$AW$3,AI7>=$AX$3),1,0))) -> 1 | AK7: =SUM(AJ$2:$AJ7) -> 6
A8: 暗器 | B8: 6_40933 | C8: 润源囊 | D8: 30200 | E8: 润源囊(30200速无) | F8: 9948 | G8: 812 | I8: 1843 | J8: 0 | K8: 0 | L8: 0 | M8: 0 | N8: 5426 | O8: 6783 | P8: 0 | R8: 0 | S8: 0 | T8: 速无 | U8: 6 | V8: 副本 | W8: 身法孔 | Z8: 1 | AA8: =IF(AND(D8>=配装计算器!$I$29,D8<=配装计算器!$I$30),1,0) -> 1 | AB8: =IF(J8>0,1,0) -> 0 | AC8: =IF(K8>0,1,0) -> 0 | AD8: =IF(L8>0,1,0) -> 0 | AE8: =IF(M8>0,1,0) -> 0 | AF8: =IF(N8>0,1,0) -> 1 | AG8: =IF(O8>0,1,0) -> 1 | AH8: =IF(P8>0,1,0) -> 0 | AI8: =IF(COUNTIF(T8,"*"&"精简"&"*")>0,1,0) -> 0 | AJ8: =MIN(1,AA8*($AY$2+IF(AND(AB8>=$AQ$3,AC8>=$AR$3,AD8>=$AS$3,AE8>=$AT$3,AF8>=$AU$3,AG8>=$AV$3,AH8>=$AW$3,AI8>=$AX$3),1,0))) -> 1 | AK8: =SUM(AJ$2:$AJ8) -> 7
A9: 暗器 | B9: 6_41180 | C9: 问殿囊 | D9: 30200 | E9: 问殿囊(30200速无) | F9: 9948 | G9: 812 | I9: 1843 | J9: 0 | K9: 0 | L9: 0 | M9: 0 | N9: 5426 | O9: 6783 | P9: 0 | R9: 0 | S9: 0 | T9: 速无 | U9: 6 | V9: 副本 | W9: 身法孔 | Z9: 1 | AA9: =IF(AND(D9>=配装计算器!$I$29,D9<=配装计算器!$I$30),1,0) -> 1 | AB9: =IF(J9>0,1,0) -> 0 | AC9: =IF(K9>0,1,0) -> 0 | AD9: =IF(L9>0,1,0) -> 0 | AE9: =IF(M9>0,1,0) -> 0 | AF9: =IF(N9>0,1,0) -> 1 | AG9: =IF(O9>0,1,0) -> 1 | AH9: =IF(P9>0,1,0) -> 0 | AI9: =IF(COUNTIF(T9,"*"&"精简"&"*")>0,1,0) -> 0 | AJ9: =MIN(1,AA9*($AY$2+IF(AND(AB9>=$AQ$3,AC9>=$AR$3,AD9>=$AS$3,AE9>=$AT$3,AF9>=$AU$3,AG9>=$AV$3,AH9>=$AW$3,AI9>=$AX$3),1,0))) -> 1 | AK9: =SUM(AJ$2:$AJ9) -> 8
A10: 暗器 | B10: 6_40918 | C10: 平皋囊 | D10: 30200 | E10: 平皋囊(30200破无) | F10: 9948 | G10: 812 | I10: 1843 | J10: 0 | K10: 0 | L10: 6783 | M10: 0 | N10: 5426 | O10: 0 | P10: 0 | R10: 0 | S10: 0 | T10: 破无 | U10: 6 | V10: 副本 | W10: 攻击孔 | Z10: 1 | AA10: =IF(AND(D10>=配装计算器!$I$29,D10<=配装计算器!$I$30),1,0) -> 1 | AB10: =IF(J10>0,1,0) -> 0 | AC10: =IF(K10>0,1,0) -> 0 | AD10: =IF(L10>0,1,0) -> 1 | AE10: =IF(M10>0,1,0) -> 0 | AF10: =IF(N10>0,1,0) -> 1 | AG10: =IF(O10>0,1,0) -> 0 | AH10: =IF(P10>0,1,0) -> 0 | AI10: =IF(COUNTIF(T10,"*"&"精简"&"*")>0,1,0) -> 0 | AJ10: =MIN(1,AA10*($AY$2+IF(AND(AB10>=$AQ$3,AC10>=$AR$3,AD10>=$AS$3,AE10>=$AT$3,AF10>=$AU$3,AG10>=$AV$3,AH10>=$AW$3,AI10>=$AX$3),1,0))) -> 1 | AK10: =SUM(AJ$2:$AJ10) -> 9
A11: 暗器 | B11: 6_41220 | C11: 标雁囊 | D11: 30200 | E11: 标雁囊(30200会无) | F11: 9948 | G11: 812 | I11: 1843 | J11: 6783 | K11: 0 | L11: 0 | M11: 0 | N11: 5426 | O11: 0 | P11: 0 | R11: 0 | S11: 0 | T11: 会无 | U11: 6 | V11: 副本 | W11: 会心孔 | Z11: 1 | AA11: =IF(AND(D11>=配装计算器!$I$29,D11<=配装计算器!$I$30),1,0) -> 1 | AB11: =IF(J11>0,1,0) -> 1 | AC11: =IF(K11>0,1,0) -> 0 | AD11: =IF(L11>0,1,0) -> 0 | AE11: =IF(M11>0,1,0) -> 0 | AF11: =IF(N11>0,1,0) -> 1 | AG11: =IF(O11>0,1,0) -> 0 | AH11: =IF(P11>0,1,0) -> 0 | AI11: =IF(COUNTIF(T11,"*"&"精简"&"*")>0,1,0) -> 0 | AJ11: =MIN(1,AA11*($AY$2+IF(AND(AB11>=$AQ$3,AC11>=$AR$3,AD11>=$AS$3,AE11>=$AT$3,AF11>=$AU$3,AG11>=$AV$3,AH11>=$AW$3,AI11>=$AX$3),1,0))) -> 1 | AK11: =SUM(AJ$2:$AJ11) -> 10
A12: 暗器 | B12: 6_41354 | C12: 坠红囊 | D12: 30200 | E12: 坠红囊(30200会无) | F12: 9948 | G12: 812 | I12: 1843 | J12: 6783 | K12: 0 | L12: 0 | M12: 0 | N12: 5426 | O12: 0 | P12: 0 | R12: 0 | S12: 0 | T12: 会无 | U12: 6 | V12: 世界BOSS | W12: 会心孔 | Z12: 1 | AA12: =IF(AND(D12>=配装计算器!$I$29,D12<=配装计算器!$I$30),1,0) -> 1 | AB12: =IF(J12>0,1,0) -> 1 | AC12: =IF(K12>0,1,0) -> 0 | AD12: =IF(L12>0,1,0) -> 0 | AE12: =IF(M12>0,1,0) -> 0 | AF12: =IF(N12>0,1,0) -> 1 | AG12: =IF(O12>0,1,0) -> 0 | AH12: =IF(P12>0,1,0) -> 0 | AI12: =IF(COUNTIF(T12,"*"&"精简"&"*")>0,1,0) -> 0 | AJ12: =MIN(1,AA12*($AY$2+IF(AND(AB12>=$AQ$3,AC12>=$AR$3,AD12>=$AS$3,AE12>=$AT$3,AF12>=$AU$3,AG12>=$AV$3,AH12>=$AW$3,AI12>=$AX$3),1,0))) -> 1 | AK12: =SUM(AJ$2:$AJ12) -> 11
A13: 暗器 | B13: 6_41348 | C13: 无修囊·外·玄 | D13: 30200 | E13: 无修囊·外·玄(30200特效精简无) | F13: 9948 | G13: 0 | I13: 4178 | J13: 0 | K13: 0 | L13: 0 | M13: 0 | N13: 9948 | O13: 0 | P13: 0 | R13: 0 | S13: 0 | T13: 特效精简无 | U13: 6 | V13: 活动 | W13: 破防孔 | Z13: 1 | AA13: =IF(AND(D13>=配装计算器!$I$29,D13<=配装计算器!$I$30),1,0) -> 1 | AB13: =IF(J13>0,1,0) -> 0 | AC13: =IF(K13>0,1,0) -> 0 | AD13: =IF(L13>0,1,0) -> 0 | AE13: =IF(M13>0,1,0) -> 0 | AF13: =IF(N13>0,1,0) -> 1 | AG13: =IF(O13>0,1,0) -> 0 | AH13: =IF(P13>0,1,0) -> 0 | AI13: =IF(COUNTIF(T13,"*"&"精简"&"*")>0,1,0) -> 1 | AJ13: =MIN(1,AA13*($AY$2+IF(AND(AB13>=$AQ$3,AC13>=$AR$3,AD13>=$AS$3,AE13>=$AT$3,AF13>=$AU$3,AG13>=$AV$3,AH13>=$AW$3,AI13>=$AX$3),1,0))) -> 1 | AK13: =SUM(AJ$2:$AJ13) -> 12
A14: 暗器 | B14: 6_41349 | C14: 无修囊·外·玄 | D14: 30200 | E14: 无修囊·外·玄(30200特效精简会招无) | F14: 9948 | G14: 0 | I14: 3564 | J14: 4522 | K14: 0 | L14: 0 | M14: 4522 | N14: 4522 | O14: 0 | P14: 0 | R14: 0 | S14: 0 | T14: 特效精简会招无 | U14: 6 | V14: 活动 | W14: 破防孔 | Z14: 1 | AA14: =IF(AND(D14>=配装计算器!$I$29,D14<=配装计算器!$I$30),1,0) -> 1 | AB14: =IF(J14>0,1,0) -> 1 | AC14: =IF(K14>0,1,0) -> 0 | AD14: =IF(L14>0,1,0) -> 0 | AE14: =IF(M14>0,1,0) -> 1 | AF14: =IF(N14>0,1,0) -> 1 | AG14: =IF(O14>0,1,0) -> 0 | AH14: =IF(P14>0,1,0) -> 0 | AI14: =IF(COUNTIF(T14,"*"&"精简"&"*")>0,1,0) -> 1 | AJ14: =MIN(1,AA14*($AY$2+IF(AND(AB14>=$AQ$3,AC14>=$AR$3,AD14>=$AS$3,AE14>=$AT$3,AF14>=$AU$3,AG14>=$AV$3,AH14>=$AW$3,AI14>=$AX$3),1,0))) -> 1 | AK14: =SUM(AJ$2:$AJ14) -> 13
A15: 暗器 | B15: 6_41350 | C15: 无修囊·外·玄 | D15: 30200 | E15: 无修囊·外·玄(30200特效精简会会无) | F15: 9948 | G15: 0 | I15: 3564 | J15: 6783 | K15: 3391 | L15: 0 | M15: 0 | N15: 3391 | O15: 0 | P15: 0 | R15: 0 | S15: 0 | T15: 特效精简会会无 | U15: 6 | V15: 活动 | W15: 破防孔 | Z15: 1 | AA15: =IF(AND(D15>=配装计算器!$I$29,D15<=配装计算器!$I$30),1,0) -> 1 | AB15: =IF(J15>0,1,0) -> 1 | AC15: =IF(K15>0,1,0) -> 1 | AD15: =IF(L15>0,1,0) -> 0 | AE15: =IF(M15>0,1,0) -> 0 | AF15: =IF(N15>0,1,0) -> 1 | AG15: =IF(O15>0,1,0) -> 0 | AH15: =IF(P15>0,1,0) -> 0 | AI15: =IF(COUNTIF(T15,"*"&"精简"&"*")>0,1,0) -> 1 | AJ15: =MIN(1,AA15*($AY$2+IF(AND(AB15>=$AQ$3,AC15>=$AR$3,AD15>=$AS$3,AE15>=$AT$3,AF15>=$AU$3,AG15>=$AV$3,AH15>=$AW$3,AI15>=$AX$3),1,0))) -> 1 | AK15: =SUM(AJ$2:$AJ15) -> 14
... A42: 暗器 | B42: 6_45223 | C42: 陶然意·烟峦囊 | D42: 42400 | E42: 陶然意·烟峦囊(42400破全) | F42: 15236 | G42: 1058 | I42: 2588 | J42: 0 | K42: 0 | L42: 9523 | M42: 0 | N42: 0 | O42: 0 | P42: 635 | R42: 0 | S42: 0 | T42: 破全 | U42: 6 | V42: PVX | W42: 身法孔 | Z42: 2 | AA42: =IF(AND(D42>=配装计算器!$I$29,D42<=配装计算器!$I$30),1,0) -> 1 | AB42: =IF(J42>0,1,0) -> 0 | AC42: =IF(K42>0,1,0) -> 0 | AD42: =IF(L42>0,1,0) -> 1 | AE42: =IF(M42>0,1,0) -> 0 | AF42: =IF(N42>0,1,0) -> 0 | AG42: =IF(O42>0,1,0) -> 0 | AH42: =IF(P42>0,1,0) -> 1 | AI42: =IF(COUNTIF(T42,"*"&"精简"&"*")>0,1,0) -> 0 | AJ42: =MIN(1,AA42*($AY$2+IF(AND(AB42>=$AQ$3,AC42>=$AR$3,AD42>=$AS$3,AE42>=$AT$3,AF42>=$AU$3,AG42>=$AV$3,AH42>=$AW$3,AI42>=$AX$3),1,0))) -> 1 | AK42: =SUM(AJ$2:$AJ42) -> 41
A43: 护手 | B43: 7_108485 | C43: 智渊袖 | D43: 30200 | E43: 智渊袖(30200速全) | F43: 11606 | G43: 879 | I43: 1434 | J43: 0 | K43: 0 | L43: 0 | M43: 0 | N43: 0 | O43: 7913 | P43: 3165 | R43: 0 | S43: 0 | T43: 速全 | U43: 6 | V43: 副本 | W43: 最大气血值 | X43: 身法孔 | Z43: 2 | AA43: =IF(AND(D43>=配装计算器!$I$29,D43<=配装计算器!$I$30),1,0) -> 1 | AB43: =IF(J43>0,1,0) -> 0 | AC43: =IF(K43>0,1,0) -> 0 | AD43: =IF(L43>0,1,0) -> 0 | AE43: =IF(M43>0,1,0) -> 0 | AF43: =IF(N43>0,1,0) -> 0 | AG43: =IF(O43>0,1,0) -> 1 | AH43: =IF(P43>0,1,0) -> 1 | AI43: =IF(COUNTIF(T43,"*"&"精简"&"*")>0,1,0) -> 0 | AJ43: =MIN(1,AA43*($AY$2+IF(AND(AB43>=$AQ$3,AC43>=$AR$3,AD43>=$AS$3,AE43>=$AT$3,AF43>=$AU$3,AG43>=$AV$3,AH43>=$AW$3,AI43>=$AX$3),1,0))) -> 1 | AK43: =SUM(AJ$2:$AJ43) -> 42
A44: 护手 | B44: 7_108521 | C44: 镂云袖 | D44: 30200 | E44: 镂云袖(30200会全) | F44: 11606 | G44: 879 | I44: 1434 | J44: 7913 | K44: 0 | L44: 0 | M44: 0 | N44: 0 | O44: 0 | P44: 3165 | R44: 0 | S44: 0 | T44: 会全 | U44: 6 | V44: 副本 | W44: 身法孔 | X44: 全能孔 | Z44: 2 | AA44: =IF(AND(D44>=配装计算器!$I$29,D44<=配装计算器!$I$30),1,0) -> 1 | AB44: =IF(J44>0,1,0) -> 1 | AC44: =IF(K44>0,1,0) -> 0 | AD44: =IF(L44>0,1,0) -> 0 | AE44: =IF(M44>0,1,0) -> 0 | AF44: =IF(N44>0,1,0) -> 0 | AG44: =IF(O44>0,1,0) -> 0 | AH44: =IF(P44>0,1,0) -> 1 | AI44: =IF(COUNTIF(T44,"*"&"精简"&"*")>0,1,0) -> 0 | AJ44: =MIN(1,AA44*($AY$2+IF(AND(AB44>=$AQ$3,AC44>=$AR$3,AD44>=$AS$3,AE44>=$AT$3,AF44>=$AU$3,AG44>=$AV$3,AH44>=$AW$3,AI44>=$AX$3),1,0))) -> 1 | AK44: =SUM(AJ$2:$AJ44) -> 43
A45: 护手 | B45: 7_110982 | C45: 臻泽袖 | D45: 30200 | E45: 臻泽袖(30200会全) | F45: 11606 | G45: 879 | I45: 1434 | J45: 7913 | K45: 0 | L45: 0 | M45: 0 | N45: 0 | O45: 0 | P45: 3165 | R45: 0 | S45: 0 | T45: 会全 | U45: 6 | V45: 活动 | W45: 身法孔 | X45: 全能孔 | Z45: 2 | AA45: =IF(AND(D45>=配装计算器!$I$29,D45<=配装计算器!$I$30),1,0) -> 1 | AB45: =IF(J45>0,1,0) -> 1 | AC45: =IF(K45>0,1,0) -> 0 | AD45: =IF(L45>0,1,0) -> 0 | AE45: =IF(M45>0,1,0) -> 0 | AF45: =IF(N45>0,1,0) -> 0 | AG45: =IF(O45>0,1,0) -> 0 | AH45: =IF(P45>0,1,0) -> 1 | AI45: =IF(COUNTIF(T45,"*"&"精简"&"*")>0,1,0) -> 0 | AJ45: =MIN(1,AA45*($AY$2+IF(AND(AB45>=$AQ$3,AC45>=$AR$3,AD45>=$AS$3,AE45>=$AT$3,AF45>=$AU$3,AG45>=$AV$3,AH45>=$AW$3,AI45>=$AX$3),1,0))) -> 1 | AK45: =SUM(AJ$2:$AJ45) -> 44
A46: 护手 | B46: 7_104665 | C46: 【门派套装】天极·听荷护手 | D46: 30200 | E46: 【门派套装】天极·听荷护手(30200招无) | F46: 11606 | G46: 947 | I46: 2150 | J46: 0 | K46: 0 | L46: 0 | M46: 7913 | N46: 6330 | O46: 0 | P46: 0 | R46: 0 | S46: 0 | T46: 招无 | U46: 6 | V46: 兑换牌 | W46: 破防孔 | X46: 破招孔 | Z46: 1 | AA46: =IF(AND(D46>=配装计算器!$I$29,D46<=配装计算器!$I$30),1,0) -> 1 | AB46: =IF(J46>0,1,0) -> 0 | AC46: =IF(K46>0,1,0) -> 0 | AD46: =IF(L46>0,1,0) -> 0 | AE46: =IF(M46>0,1,0) -> 1 | AF46: =IF(N46>0,1,0) -> 1 | AG46: =IF(O46>0,1,0) -> 0 | AH46: =IF(P46>0,1,0) -> 0 | AI46: =IF(COUNTIF(T46,"*"&"精简"&"*")>0,1,0) -> 0 | AJ46: =MIN(1,AA46*($AY$2+IF(AND(AB46>=$AQ$3,AC46>=$AR$3,AD46>=$AS$3,AE46>=$AT$3,AF46>=$AU$3,AG46>=$AV$3,AH46>=$AW$3,AI46>=$AX$3),1,0))) -> 1 | AK46: =SUM(AJ$2:$AJ46) -> 45
A47: 护手 | B47: 7_108221 | C47: 孤城惊梦·迷烟护腕 | D47: 30200 | E47: 孤城惊梦·迷烟护腕(30200招无) | F47: 11606 | G47: 947 | I47: 2150 | J47: 0 | K47: 0 | L47: 0 | M47: 7913 | N47: 6330 | O47: 0 | P47: 0 | R47: 0 | S47: 0 | T47: 招无 | U47: 6 | V47: 飞沙令 | W47: 破防孔 | X47: 破招孔 | Z47: 1 | AA47: =IF(AND(D47>=配装计算器!$I$29,D47<=配装计算器!$I$30),1,0) -> 1 | AB47: =IF(J47>0,1,0) -> 0 | AC47: =IF(K47>0,1,0) -> 0 | AD47: =IF(L47>0,1,0) -> 0 | AE47: =IF(M47>0,1,0) -> 1 | AF47: =IF(N47>0,1,0) -> 1 | AG47: =IF(O47>0,1,0) -> 0 | AH47: =IF(P47>0,1,0) -> 0 | AI47: =IF(COUNTIF(T47,"*"&"精简"&"*")>0,1,0) -> 0 | AJ47: =MIN(1,AA47*($AY$2+IF(AND(AB47>=$AQ$3,AC47>=$AR$3,AD47>=$AS$3,AE47>=$AT$3,AF47>=$AU$3,AG47>=$AV$3,AH47>=$AW$3,AI47>=$AX$3),1,0))) -> 1 | AK47: =SUM(AJ$2:$AJ47) -> 46
A48: 护手 | B48: 7_104503 | C48: 润源袖 | D48: 30200 | E48: 润源袖(30200招无) | F48: 11606 | G48: 947 | I48: 2150 | J48: 0 | K48: 0 | L48: 0 | M48: 7913 | N48: 6330 | O48: 0 | P48: 0 | R48: 0 | S48: 0 | T48: 招无 | U48: 6 | V48: 副本 | W48: 破防孔 | X48: 破招孔 | Z48: 1 | AA48: =IF(AND(D48>=配装计算器!$I$29,D48<=配装计算器!$I$30),1,0) -> 1 | AB48: =IF(J48>0,1,0) -> 0 | AC48: =IF(K48>0,1,0) -> 0 | AD48: =IF(L48>0,1,0) -> 0 | AE48: =IF(M48>0,1,0) -> 1 | AF48: =IF(N48>0,1,0) -> 1 | AG48: =IF(O48>0,1,0) -> 0 | AH48: =IF(P48>0,1,0) -> 0 | AI48: =IF(COUNTIF(T48,"*"&"精简"&"*")>0,1,0) -> 0 | AJ48: =MIN(1,AA48*($AY$2+IF(AND(AB48>=$AQ$3,AC48>=$AR$3,AD48>=$AS$3,AE48>=$AT$3,AF48>=$AU$3,AG48>=$AV$3,AH48>=$AW$3,AI48>=$AX$3),1,0))) -> 1 | AK48: =SUM(AJ$2:$AJ48) -> 47
A49: 护手 | B49: 7_104457 | C49: 羽缀护手 | D49: 30200 | E49: 羽缀护手(30200速无) | F49: 11606 | G49: 947 | I49: 2150 | J49: 0 | K49: 0 | L49: 0 | M49: 0 | N49: 6330 | O49: 7913 | P49: 0 | R49: 0 | S49: 0 | T49: 速无 | U49: 6 | V49: 副本 | W49: 破防孔 | X49: 身法孔 | Z49: 1 | AA49: =IF(AND(D49>=配装计算器!$I$29,D49<=配装计算器!$I$30),1,0) -> 1 | AB49: =IF(J49>0,1,0) -> 0 | AC49: =IF(K49>0,1,0) -> 0 | AD49: =IF(L49>0,1,0) -> 0 | AE49: =IF(M49>0,1,0) -> 0 | AF49: =IF(N49>0,1,0) -> 1 | AG49: =IF(O49>0,1,0) -> 1 | AH49: =IF(P49>0,1,0) -> 0 | AI49: =IF(COUNTIF(T49,"*"&"精简"&"*")>0,1,0) -> 0 | AJ49: =MIN(1,AA49*($AY$2+IF(AND(AB49>=$AQ$3,AC49>=$AR$3,AD49>=$AS$3,AE49>=$AT$3,AF49>=$AU$3,AG49>=$AV$3,AH49>=$AW$3,AI49>=$AX$3),1,0))) -> 1 | AK49: =SUM(AJ$2:$AJ49) -> 48
A50: 护手 | B50: 7_104809 | C50: 问殿护手 | D50: 30200 | E50: 问殿护手(30200速无) | F50: 11606 | G50: 947 | I50: 2150 | J50: 0 | K50: 0 | L50: 0 | M50: 0 | N50: 6330 | O50: 7913 | P50: 0 | R50: 0 | S50: 0 | T50: 速无 | U50: 6 | V50: 副本 | W50: 破防孔 | X50: 身法孔 | Z50: 1 | AA50: =IF(AND(D50>=配装计算器!$I$29,D50<=配装计算器!$I$30),1,0) -> 1 | AB50: =IF(J50>0,1,0) -> 0 | AC50: =IF(K50>0,1,0) -> 0 | AD50: =IF(L50>0,1,0) -> 0 | AE50: =IF(M50>0,1,0) -> 0 | AF50: =IF(N50>0,1,0) -> 1 | AG50: =IF(O50>0,1,0) -> 1 | AH50: =IF(P50>0,1,0) -> 0 | AI50: =IF(COUNTIF(T50,"*"&"精简"&"*")>0,1,0) -> 0 | AJ50: =MIN(1,AA50*($AY$2+IF(AND(AB50>=$AQ$3,AC50>=$AR$3,AD50>=$AS$3,AE50>=$AT$3,AF50>=$AU$3,AG50>=$AV$3,AH50>=$AW$3,AI50>=$AX$3),1,0))) -> 1 | AK50: =SUM(AJ$2:$AJ50) -> 49
A51: 护手 | B51: 7_104114 | C51: 平皋袖 | D51: 30200 | E51: 平皋袖(30200破无) | F51: 11606 | G51: 947 | I51: 2150 | J51: 0 | K51: 0 | L51: 7913 | M51: 0 | N51: 6330 | O51: 0 | P51: 0 | R51: 0 | S51: 0 | T51: 破无 | U51: 6 | V51: 副本 | W51: 无双孔 | X51: 身法孔 | Z51: 1 | AA51: =IF(AND(D51>=配装计算器!$I$29,D51<=配装计算器!$I$30),1,0) -> 1 | AB51: =IF(J51>0,1,0) -> 0 | AC51: =IF(K51>0,1,0) -> 0 | AD51: =IF(L51>0,1,0) -> 1 | AE51: =IF(M51>0,1,0) -> 0 | AF51: =IF(N51>0,1,0) -> 1 | AG51: =IF(O51>0,1,0) -> 0 | AH51: =IF(P51>0,1,0) -> 0 | AI51: =IF(COUNTIF(T51,"*"&"精简"&"*")>0,1,0) -> 0 | AJ51: =MIN(1,AA51*($AY$2+IF(AND(AB51>=$AQ$3,AC51>=$AR$3,AD51>=$AS$3,AE51>=$AT$3,AF51>=$AU$3,AG51>=$AV$3,AH51>=$AW$3,AI51>=$AX$3),1,0))) -> 1 | AK51: =SUM(AJ$2:$AJ51) -> 50
A52: 护手 | B52: 7_104845 | C52: 标雁护手 | D52: 30200 | E52: 标雁护手(30200破无) | F52: 11606 | G52: 947 | I52: 2150 | J52: 0 | K52: 0 | L52: 7913 | M52: 0 | N52: 6330 | O52: 0 | P52: 0 | R52: 0 | S52: 0 | T52: 破无 | U52: 6 | V52: 副本 | W52: 无双孔 | X52: 身法孔 | Z52: 1 | AA52: =IF(AND(D52>=配装计算器!$I$29,D52<=配装计算器!$I$30),1,0) -> 1 | AB52: =IF(J52>0,1,0) -> 0 | AC52: =IF(K52>0,1,0) -> 0 | AD52: =IF(L52>0,1,0) -> 1 | AE52: =IF(M52>0,1,0) -> 0 | AF52: =IF(N52>0,1,0) -> 1 | AG52: =IF(O52>0,1,0) -> 0 | AH52: =IF(P52>0,1,0) -> 0 | AI52: =IF(COUNTIF(T52,"*"&"精简"&"*")>0,1,0) -> 0 | AJ52: =MIN(1,AA52*($AY$2+IF(AND(AB52>=$AQ$3,AC52>=$AR$3,AD52>=$AS$3,AE52>=$AT$3,AF52>=$AU$3,AG52>=$AV$3,AH52>=$AW$3,AI52>=$AX$3),1,0))) -> 1 | AK52: =SUM(AJ$2:$AJ52) -> 51
A53: 护手 | B53: 7_105007 | C53: 客行江湖·日斜袖 | D53: 30200 | E53: 客行江湖·日斜袖(30200会无) | F53: 11606 | G53: 947 | I53: 2150 | J53: 7913 | K53: 0 | L53: 0 | M53: 0 | N53: 6330 | O53: 0 | P53: 0 | R53: 0 | S53: 0 | T53: 会无 | U53: 6 | V53: 浪客笺 | W53: 会心孔 | X53: 攻击孔 | Z53: 1 | AA53: =IF(AND(D53>=配装计算器!$I$29,D53<=配装计算器!$I$30),1,0) -> 1 | AB53: =IF(J53>0,1,0) -> 1 | AC53: =IF(K53>0,1,0) -> 0 | AD53: =IF(L53>0,1,0) -> 0 | AE53: =IF(M53>0,1,0) -> 0 | AF53: =IF(N53>0,1,0) -> 1 | AG53: =IF(O53>0,1,0) -> 0 | AH53: =IF(P53>0,1,0) -> 0 | AI53: =IF(COUNTIF(T53,"*"&"精简"&"*")>0,1,0) -> 0 | AJ53: =MIN(1,AA53*($AY$2+IF(AND(AB53>=$AQ$3,AC53>=$AR$3,AD53>=$AS$3,AE53>=$AT$3,AF53>=$AU$3,AG53>=$AV$3,AH53>=$AW$3,AI53>=$AX$3),1,0))) -> 1 | AK53: =SUM(AJ$2:$AJ53) -> 52
A54: 护手 | B54: 7_105073 | C54: 坠红袖 | D54: 30200 | E54: 坠红袖(30200会无) | F54: 11606 | G54: 947 | I54: 2150 | J54: 7913 | K54: 0 | L54: 0 | M54: 0 | N54: 6330 | O54: 0 | P54: 0 | R54: 0 | S54: 0 | T54: 会无 | U54: 6 | V54: 世界BOSS | W54: 会心孔 | X54: 攻击孔 | Z54: 1 | AA54: =IF(AND(D54>=配装计算器!$I$29,D54<=配装计算器!$I$30),1,0) -> 1 | AB54: =IF(J54>0,1,0) -> 1 | AC54: =IF(K54>0,1,0) -> 0 | AD54: =IF(L54>0,1,0) -> 0 | AE54: =IF(M54>0,1,0) -> 0 | AF54: =IF(N54>0,1,0) -> 1 | AG54: =IF(O54>0,1,0) -> 0 | AH54: =IF(P54>0,1,0) -> 0 | AI54: =IF(COUNTIF(T54,"*"&"精简"&"*")>0,1,0) -> 0 | AJ54: =MIN(1,AA54*($AY$2+IF(AND(AB54>=$AQ$3,AC54>=$AR$3,AD54>=$AS$3,AE54>=$AT$3,AF54>=$AU$3,AG54>=$AV$3,AH54>=$AW$3,AI54>=$AX$3),1,0))) -> 1 | AK54: =SUM(AJ$2:$AJ54) -> 53
... A117: 护手 | B117: 7_110787 | C117: 陶然意·烟峦护手 | D117: 42400 | E117: 陶然意·烟峦护手(42400破全) | F117: 16294 | G117: 1234 | I117: 2013 | J117: 0 | K117: 0 | L117: 11110 | M117: 0 | N117: 0 | O117: 0 | P117: 4444 | R117: 0 | S117: 0 | T117: 破全 | U117: 6 | V117: PVX | W117: 最大气血值 | X117: 破防孔 | Z117: 2 | AA117: =IF(AND(D117>=配装计算器!$I$29,D117<=配装计算器!$I$30),1,0) -> 1 | AB117: =IF(J117>0,1,0) -> 0 | AC117: =IF(K117>0,1,0) -> 0 | AD117: =IF(L117>0,1,0) -> 1 | AE117: =IF(M117>0,1,0) -> 0 | AF117: =IF(N117>0,1,0) -> 0 | AG117: =IF(O117>0,1,0) -> 0 | AH117: =IF(P117>0,1,0) -> 1 | AI117: =IF(COUNTIF(T117,"*"&"精简"&"*")>0,1,0) -> 0 | AJ117: =MIN(1,AA117*($AY$2+IF(AND(AB117>=$AQ$3,AC117>=$AR$3,AD117>=$AS$3,AE117>=$AT$3,AF117>=$AU$3,AG117>=$AV$3,AH117>=$AW$3,AI117>=$AX$3),1,0))) -> 1 | AK117: =SUM(AJ$2:$AJ117) -> 116
A118: 戒指 | B118: 8_45509 | C118: 镂云戒 | D118: 30200 | E118: 镂云戒(30200速全) | F118: 8290 | G118: 628 | I118: 1024 | J118: 0 | K118: 0 | L118: 0 | M118: 0 | N118: 0 | O118: 5652 | P118: 2261 | R118: 0 | S118: 0 | T118: 速全 | U118: 6 | V118: 副本 | Z118: 2 | AA118: =IF(AND(D118>=配装计算器!$I$29,D118<=配装计算器!$I$30),1,0) -> 1 | AB118: =IF(J118>0,1,0) -> 0 | AC118: =IF(K118>0,1,0) -> 0 | AD118: =IF(L118>0,1,0) -> 0 | AE118: =IF(M118>0,1,0) -> 0 | AF118: =IF(N118>0,1,0) -> 0 | AG118: =IF(O118>0,1,0) -> 1 | AH118: =IF(P118>0,1,0) -> 1 | AI118: =IF(COUNTIF(T118,"*"&"精简"&"*")>0,1,0) -> 0 | AJ118: =MIN(1,AA118*($AY$2+IF(AND(AB118>=$AQ$3,AC118>=$AR$3,AD118>=$AS$3,AE118>=$AT$3,AF118>=$AU$3,AG118>=$AV$3,AH118>=$AW$3,AI118>=$AX$3),1,0))) -> 1 | AK118: =SUM(AJ$2:$AJ118) -> 117
A119: 戒指 | B119: 8_45491 | C119: 智渊戒 | D119: 30200 | E119: 智渊戒(30200破全) | F119: 8290 | G119: 628 | I119: 1024 | J119: 0 | K119: 0 | L119: 5652 | M119: 0 | N119: 0 | O119: 0 | P119: 2261 | R119: 0 | S119: 0 | T119: 破全 | U119: 6 | V119: 副本 | Z119: 2 | AA119: =IF(AND(D119>=配装计算器!$I$29,D119<=配装计算器!$I$30),1,0) -> 1 | AB119: =IF(J119>0,1,0) -> 0 | AC119: =IF(K119>0,1,0) -> 0 | AD119: =IF(L119>0,1,0) -> 1 | AE119: =IF(M119>0,1,0) -> 0 | AF119: =IF(N119>0,1,0) -> 0 | AG119: =IF(O119>0,1,0) -> 0 | AH119: =IF(P119>0,1,0) -> 1 | AI119: =IF(COUNTIF(T119,"*"&"精简"&"*")>0,1,0) -> 0 | AJ119: =MIN(1,AA119*($AY$2+IF(AND(AB119>=$AQ$3,AC119>=$AR$3,AD119>=$AS$3,AE119>=$AT$3,AF119>=$AU$3,AG119>=$AV$3,AH119>=$AW$3,AI119>=$AX$3),1,0))) -> 1 | AK119: =SUM(AJ$2:$AJ119) -> 118
A120: 戒指 | B120: 8_49355 | C120: 臻泽戒 | D120: 30200 | E120: 臻泽戒(30200会全) | F120: 8290 | G120: 628 | I120: 1024 | J120: 5652 | K120: 0 | L120: 0 | M120: 0 | N120: 0 | O120: 0 | P120: 2261 | R120: 0 | S120: 0 | T120: 会全 | U120: 6 | V120: 活动 | Z120: 2 | AA120: =IF(AND(D120>=配装计算器!$I$29,D120<=配装计算器!$I$30),1,0) -> 1 | AB120: =IF(J120>0,1,0) -> 1 | AC120: =IF(K120>0,1,0) -> 0 | AD120: =IF(L120>0,1,0) -> 0 | AE120: =IF(M120>0,1,0) -> 0 | AF120: =IF(N120>0,1,0) -> 0 | AG120: =IF(O120>0,1,0) -> 0 | AH120: =IF(P120>0,1,0) -> 1 | AI120: =IF(COUNTIF(T120,"*"&"精简"&"*")>0,1,0) -> 0 | AJ120: =MIN(1,AA120*($AY$2+IF(AND(AB120>=$AQ$3,AC120>=$AR$3,AD120>=$AS$3,AE120>=$AT$3,AF120>=$AU$3,AG120>=$AV$3,AH120>=$AW$3,AI120>=$AX$3),1,0))) -> 1 | AK120: =SUM(AJ$2:$AJ120) -> 119
A121: 戒指 | B121: 8_42860 | C121: 羽缀戒 | D121: 30200 | E121: 羽缀戒(30200招无) | F121: 8290 | G121: 676 | I121: 1536 | J121: 0 | K121: 0 | L121: 0 | M121: 5652 | N121: 4522 | O121: 0 | P121: 0 | R121: 0 | S121: 0 | T121: 招无 | U121: 6 | V121: 副本 | Z121: 1 | AA121: =IF(AND(D121>=配装计算器!$I$29,D121<=配装计算器!$I$30),1,0) -> 1 | AB121: =IF(J121>0,1,0) -> 0 | AC121: =IF(K121>0,1,0) -> 0 | AD121: =IF(L121>0,1,0) -> 0 | AE121: =IF(M121>0,1,0) -> 1 | AF121: =IF(N121>0,1,0) -> 1 | AG121: =IF(O121>0,1,0) -> 0 | AH121: =IF(P121>0,1,0) -> 0 | AI121: =IF(COUNTIF(T121,"*"&"精简"&"*")>0,1,0) -> 0 | AJ121: =MIN(1,AA121*($AY$2+IF(AND(AB121>=$AQ$3,AC121>=$AR$3,AD121>=$AS$3,AE121>=$AT$3,AF121>=$AU$3,AG121>=$AV$3,AH121>=$AW$3,AI121>=$AX$3),1,0))) -> 1 | AK121: =SUM(AJ$2:$AJ121) -> 120
A122: 戒指 | B122: 8_42954 | C122: 问殿指环 | D122: 30200 | E122: 问殿指环(30200招无) | F122: 8290 | G122: 676 | I122: 1536 | J122: 0 | K122: 0 | L122: 0 | M122: 5652 | N122: 4522 | O122: 0 | P122: 0 | R122: 0 | S122: 0 | T122: 招无 | U122: 6 | V122: 副本 | Z122: 1 | AA122: =IF(AND(D122>=配装计算器!$I$29,D122<=配装计算器!$I$30),1,0) -> 1 | AB122: =IF(J122>0,1,0) -> 0 | AC122: =IF(K122>0,1,0) -> 0 | AD122: =IF(L122>0,1,0) -> 0 | AE122: =IF(M122>0,1,0) -> 1 | AF122: =IF(N122>0,1,0) -> 1 | AG122: =IF(O122>0,1,0) -> 0 | AH122: =IF(P122>0,1,0) -> 0 | AI122: =IF(COUNTIF(T122,"*"&"精简"&"*")>0,1,0) -> 0 | AJ122: =MIN(1,AA122*($AY$2+IF(AND(AB122>=$AQ$3,AC122>=$AR$3,AD122>=$AS$3,AE122>=$AT$3,AF122>=$AU$3,AG122>=$AV$3,AH122>=$AW$3,AI122>=$AX$3),1,0))) -> 1 | AK122: =SUM(AJ$2:$AJ122) -> 121
A123: 戒指 | B123: 8_42984 | C123: 衔月戒 | D123: 30200 | E123: 衔月戒(30200速无) | F123: 8290 | G123: 676 | I123: 1536 | J123: 0 | K123: 0 | L123: 0 | M123: 0 | N123: 4522 | O123: 5652 | P123: 0 | R123: 0 | S123: 0 | T123: 速无 | U123: 6 | V123: 副本 | Z123: 1 | AA123: =IF(AND(D123>=配装计算器!$I$29,D123<=配装计算器!$I$30),1,0) -> 1 | AB123: =IF(J123>0,1,0) -> 0 | AC123: =IF(K123>0,1,0) -> 0 | AD123: =IF(L123>0,1,0) -> 0 | AE123: =IF(M123>0,1,0) -> 0 | AF123: =IF(N123>0,1,0) -> 1 | AG123: =IF(O123>0,1,0) -> 1 | AH123: =IF(P123>0,1,0) -> 0 | AI123: =IF(COUNTIF(T123,"*"&"精简"&"*")>0,1,0) -> 0 | AJ123: =MIN(1,AA123*($AY$2+IF(AND(AB123>=$AQ$3,AC123>=$AR$3,AD123>=$AS$3,AE123>=$AT$3,AF123>=$AU$3,AG123>=$AV$3,AH123>=$AW$3,AI123>=$AX$3),1,0))) -> 1 | AK123: =SUM(AJ$2:$AJ123) -> 122
A124: 戒指 | B124: 8_42879 | C124: 润源戒 | D124: 30200 | E124: 润源戒(30200会无) | F124: 8290 | G124: 676 | I124: 1536 | J124: 5652 | K124: 0 | L124: 0 | M124: 0 | N124: 4522 | O124: 0 | P124: 0 | R124: 0 | S124: 0 | T124: 会无 | U124: 6 | V124: 副本 | Z124: 1 | AA124: =IF(AND(D124>=配装计算器!$I$29,D124<=配装计算器!$I$30),1,0) -> 1 | AB124: =IF(J124>0,1,0) -> 1 | AC124: =IF(K124>0,1,0) -> 0 | AD124: =IF(L124>0,1,0) -> 0 | AE124: =IF(M124>0,1,0) -> 0 | AF124: =IF(N124>0,1,0) -> 1 | AG124: =IF(O124>0,1,0) -> 0 | AH124: =IF(P124>0,1,0) -> 0 | AI124: =IF(COUNTIF(T124,"*"&"精简"&"*")>0,1,0) -> 0 | AJ124: =MIN(1,AA124*($AY$2+IF(AND(AB124>=$AQ$3,AC124>=$AR$3,AD124>=$AS$3,AE124>=$AT$3,AF124>=$AU$3,AG124>=$AV$3,AH124>=$AW$3,AI124>=$AX$3),1,0))) -> 1 | AK124: =SUM(AJ$2:$AJ124) -> 123
A125: 戒指 | B125: 8_42972 | C125: 标雁戒 | D125: 30200 | E125: 标雁戒(30200会无) | F125: 8290 | G125: 676 | I125: 1536 | J125: 5652 | K125: 0 | L125: 0 | M125: 0 | N125: 4522 | O125: 0 | P125: 0 | R125: 0 | S125: 0 | T125: 会无 | U125: 6 | V125: 副本 | Z125: 1 | AA125: =IF(AND(D125>=配装计算器!$I$29,D125<=配装计算器!$I$30),1,0) -> 1 | AB125: =IF(J125>0,1,0) -> 1 | AC125: =IF(K125>0,1,0) -> 0 | AD125: =IF(L125>0,1,0) -> 0 | AE125: =IF(M125>0,1,0) -> 0 | AF125: =IF(N125>0,1,0) -> 1 | AG125: =IF(O125>0,1,0) -> 0 | AH125: =IF(P125>0,1,0) -> 0 | AI125: =IF(COUNTIF(T125,"*"&"精简"&"*")>0,1,0) -> 0 | AJ125: =MIN(1,AA125*($AY$2+IF(AND(AB125>=$AQ$3,AC125>=$AR$3,AD125>=$AS$3,AE125>=$AT$3,AF125>=$AU$3,AG125>=$AV$3,AH125>=$AW$3,AI125>=$AX$3),1,0))) -> 1 | AK125: =SUM(AJ$2:$AJ125) -> 124
A126: 戒指 | B126: 8_43072 | C126: 客行江湖·日斜指环 | D126: 30200 | E126: 客行江湖·日斜指环(30200破无) | F126: 8290 | G126: 676 | I126: 1536 | J126: 0 | K126: 0 | L126: 5652 | M126: 0 | N126: 4522 | O126: 0 | P126: 0 | R126: 0 | S126: 0 | T126: 破无 | U126: 6 | V126: 浪客笺 | Z126: 1 | AA126: =IF(AND(D126>=配装计算器!$I$29,D126<=配装计算器!$I$30),1,0) -> 1 | AB126: =IF(J126>0,1,0) -> 0 | AC126: =IF(K126>0,1,0) -> 0 | AD126: =IF(L126>0,1,0) -> 1 | AE126: =IF(M126>0,1,0) -> 0 | AF126: =IF(N126>0,1,0) -> 1 | AG126: =IF(O126>0,1,0) -> 0 | AH126: =IF(P126>0,1,0) -> 0 | AI126: =IF(COUNTIF(T126,"*"&"精简"&"*")>0,1,0) -> 0 | AJ126: =MIN(1,AA126*($AY$2+IF(AND(AB126>=$AQ$3,AC126>=$AR$3,AD126>=$AS$3,AE126>=$AT$3,AF126>=$AU$3,AG126>=$AV$3,AH126>=$AW$3,AI126>=$AX$3),1,0))) -> 1 | AK126: =SUM(AJ$2:$AJ126) -> 125
A127: 戒指 | B127: 8_43020 | C127: 溪畔行 | D127: 30200 | E127: 溪畔行(30200特效精简招无) | F127: 8290 | G127: 0 | I127: 1024 | J127: 0 | K127: 0 | L127: 0 | M127: 14696 | N127: 4522 | O127: 0 | P127: 0 | R127: 0 | S127: 0 | T127: 特效精简招无 | U127: 6 | V127: 副本 | Z127: 1 | AA127: =IF(AND(D127>=配装计算器!$I$29,D127<=配装计算器!$I$30),1,0) -> 1 | AB127: =IF(J127>0,1,0) -> 0 | AC127: =IF(K127>0,1,0) -> 0 | AD127: =IF(L127>0,1,0) -> 0 | AE127: =IF(M127>0,1,0) -> 1 | AF127: =IF(N127>0,1,0) -> 1 | AG127: =IF(O127>0,1,0) -> 0 | AH127: =IF(P127>0,1,0) -> 0 | AI127: =IF(COUNTIF(T127,"*"&"精简"&"*")>0,1,0) -> 1 | AJ127: =MIN(1,AA127*($AY$2+IF(AND(AB127>=$AQ$3,AC127>=$AR$3,AD127>=$AS$3,AE127>=$AT$3,AF127>=$AU$3,AG127>=$AV$3,AH127>=$AW$3,AI127>=$AX$3),1,0))) -> 1 | AK127: =SUM(AJ$2:$AJ127) -> 126
A128: 戒指 | B128: 8_43019 | C128: 芳洲曲 | D128: 30200 | E128: 芳洲曲(30200特效精简破无) | F128: 8290 | G128: 0 | I128: 1024 | J128: 0 | K128: 0 | L128: 14696 | M128: 0 | N128: 4522 | O128: 0 | P128: 0 | R128: 0 | S128: 0 | T128: 特效精简破无 | U128: 6 | V128: 副本 | Z128: 1 | AA128: =IF(AND(D128>=配装计算器!$I$29,D128<=配装计算器!$I$30),1,0) -> 1 | AB128: =IF(J128>0,1,0) -> 0 | AC128: =IF(K128>0,1,0) -> 0 | AD128: =IF(L128>0,1,0) -> 1 | AE128: =IF(M128>0,1,0) -> 0 | AF128: =IF(N128>0,1,0) -> 1 | AG128: =IF(O128>0,1,0) -> 0 | AH128: =IF(P128>0,1,0) -> 0 | AI128: =IF(COUNTIF(T128,"*"&"精简"&"*")>0,1,0) -> 1 | AJ128: =MIN(1,AA128*($AY$2+IF(AND(AB128>=$AQ$3,AC128>=$AR$3,AD128>=$AS$3,AE128>=$AT$3,AF128>=$AU$3,AG128>=$AV$3,AH128>=$AW$3,AI128>=$AX$3),1,0))) -> 1 | AK128: =SUM(AJ$2:$AJ128) -> 127
A129: 戒指 | B129: 8_43017 | C129: 万壑歌 | D129: 30200 | E129: 万壑歌(30200特效精简会招破无) | F129: 8290 | G129: 0 | I129: 2406 | J129: 3768 | K129: 0 | L129: 3768 | M129: 3768 | N129: 3768 | O129: 0 | P129: 0 | R129: 0 | S129: 0 | T129: 特效精简会招破无 | U129: 6 | V129: 副本 | Z129: 1 | AA129: =IF(AND(D129>=配装计算器!$I$29,D129<=配装计算器!$I$30),1,0) -> 1 | AB129: =IF(J129>0,1,0) -> 1 | AC129: =IF(K129>0,1,0) -> 0 | AD129: =IF(L129>0,1,0) -> 1 | AE129: =IF(M129>0,1,0) -> 1 | AF129: =IF(N129>0,1,0) -> 1 | AG129: =IF(O129>0,1,0) -> 0 | AH129: =IF(P129>0,1,0) -> 0 | AI129: =IF(COUNTIF(T129,"*"&"精简"&"*")>0,1,0) -> 1 | AJ129: =MIN(1,AA129*($AY$2+IF(AND(AB129>=$AQ$3,AC129>=$AR$3,AD129>=$AS$3,AE129>=$AT$3,AF129>=$AU$3,AG129>=$AV$3,AH129>=$AW$3,AI129>=$AX$3),1,0))) -> 1 | AK129: =SUM(AJ$2:$AJ129) -> 128
... A184: 戒指 | B184: 8_49038 | C184: 陶然意·烟峦戒 | D184: 42400 | E184: 陶然意·烟峦戒(42400破全) | F184: 11639 | G184: 882 | I184: 1438 | J184: 0 | K184: 0 | L184: 7936 | M184: 0 | N184: 0 | O184: 0 | P184: 3174 | R184: 0 | S184: 0 | T184: 破全 | U184: 6 | V184: PVX | Z184: 2 | AA184: =IF(AND(D184>=配装计算器!$I$29,D184<=配装计算器!$I$30),1,0) -> 1 | AB184: =IF(J184>0,1,0) -> 0 | AC184: =IF(K184>0,1,0) -> 0 | AD184: =IF(L184>0,1,0) -> 1 | AE184: =IF(M184>0,1,0) -> 0 | AF184: =IF(N184>0,1,0) -> 0 | AG184: =IF(O184>0,1,0) -> 0 | AH184: =IF(P184>0,1,0) -> 1 | AI184: =IF(COUNTIF(T184,"*"&"精简"&"*")>0,1,0) -> 0 | AJ184: =MIN(1,AA184*($AY$2+IF(AND(AB184>=$AQ$3,AC184>=$AR$3,AD184>=$AS$3,AE184>=$AT$3,AF184>=$AU$3,AG184>=$AV$3,AH184>=$AW$3,AI184>=$AX$3),1,0))) -> 1 | AK184: =SUM(AJ$2:$AJ184) -> 183
A185: 裤子 | B185: 7_108503 | C185: 智渊裤 | D185: 30200 | E185: 智渊裤(30200速全) | F185: 16580 | G185: 1256 | I185: 2048 | J185: 0 | K185: 0 | L185: 0 | M185: 0 | N185: 0 | O185: 11304 | P185: 4522 | R185: 0 | S185: 0 | T185: 速全 | U185: 6 | V185: 副本 | W185: 体质孔 | X185: 攻击孔 | Z185: 2 | AA185: =IF(AND(D185>=配装计算器!$I$29,D185<=配装计算器!$I$30),1,0) -> 1 | AB185: =IF(J185>0,1,0) -> 0 | AC185: =IF(K185>0,1,0) -> 0 | AD185: =IF(L185>0,1,0) -> 0 | AE185: =IF(M185>0,1,0) -> 0 | AF185: =IF(N185>0,1,0) -> 0 | AG185: =IF(O185>0,1,0) -> 1 | AH185: =IF(P185>0,1,0) -> 1 | AI185: =IF(COUNTIF(T185,"*"&"精简"&"*")>0,1,0) -> 0 | AJ185: =MIN(1,AA185*($AY$2+IF(AND(AB185>=$AQ$3,AC185>=$AR$3,AD185>=$AS$3,AE185>=$AT$3,AF185>=$AU$3,AG185>=$AV$3,AH185>=$AW$3,AI185>=$AX$3),1,0))) -> 1 | AK185: =SUM(AJ$2:$AJ185) -> 184
A186: 裤子 | B186: 7_108539 | C186: 镂云裤 | D186: 30200 | E186: 镂云裤(30200破全) | F186: 16580 | G186: 1256 | I186: 2048 | J186: 0 | K186: 0 | L186: 11304 | M186: 0 | N186: 0 | O186: 0 | P186: 4522 | R186: 0 | S186: 0 | T186: 破全 | U186: 6 | V186: 副本 | W186: 破防孔 | X186: 身法孔 | Z186: 2 | AA186: =IF(AND(D186>=配装计算器!$I$29,D186<=配装计算器!$I$30),1,0) -> 1 | AB186: =IF(J186>0,1,0) -> 0 | AC186: =IF(K186>0,1,0) -> 0 | AD186: =IF(L186>0,1,0) -> 1 | AE186: =IF(M186>0,1,0) -> 0 | AF186: =IF(N186>0,1,0) -> 0 | AG186: =IF(O186>0,1,0) -> 0 | AH186: =IF(P186>0,1,0) -> 1 | AI186: =IF(COUNTIF(T186,"*"&"精简"&"*")>0,1,0) -> 0 | AJ186: =MIN(1,AA186*($AY$2+IF(AND(AB186>=$AQ$3,AC186>=$AR$3,AD186>=$AS$3,AE186>=$AT$3,AF186>=$AU$3,AG186>=$AV$3,AH186>=$AW$3,AI186>=$AX$3),1,0))) -> 1 | AK186: =SUM(AJ$2:$AJ186) -> 185
A187: 裤子 | B187: 7_111000 | C187: 臻泽裤 | D187: 30200 | E187: 臻泽裤(30200破全) | F187: 16580 | G187: 1256 | I187: 2048 | J187: 0 | K187: 0 | L187: 11304 | M187: 0 | N187: 0 | O187: 0 | P187: 4522 | R187: 0 | S187: 0 | T187: 破全 | U187: 6 | V187: 活动 | W187: 破防孔 | X187: 身法孔 | Z187: 2 | AA187: =IF(AND(D187>=配装计算器!$I$29,D187<=配装计算器!$I$30),1,0) -> 1 | AB187: =IF(J187>0,1,0) -> 0 | AC187: =IF(K187>0,1,0) -> 0 | AD187: =IF(L187>0,1,0) -> 1 | AE187: =IF(M187>0,1,0) -> 0 | AF187: =IF(N187>0,1,0) -> 0 | AG187: =IF(O187>0,1,0) -> 0 | AH187: =IF(P187>0,1,0) -> 1 | AI187: =IF(COUNTIF(T187,"*"&"精简"&"*")>0,1,0) -> 0 | AJ187: =MIN(1,AA187*($AY$2+IF(AND(AB187>=$AQ$3,AC187>=$AR$3,AD187>=$AS$3,AE187>=$AT$3,AF187>=$AU$3,AG187>=$AV$3,AH187>=$AW$3,AI187>=$AX$3),1,0))) -> 1 | AK187: =SUM(AJ$2:$AJ187) -> 186
A188: 裤子 | B188: 7_108239 | C188: 孤城惊梦·迷烟下裳 | D188: 30200 | E188: 孤城惊梦·迷烟下裳(30200破无) | F188: 16580 | G188: 1353 | I188: 3072 | J188: 0 | K188: 0 | L188: 11304 | M188: 0 | N188: 9044 | O188: 0 | P188: 0 | R188: 0 | S188: 0 | T188: 破无 | U188: 6 | V188: 飞沙令 | W188: 攻击孔 | X188: 会心孔 | Z188: 1 | AA188: =IF(AND(D188>=配装计算器!$I$29,D188<=配装计算器!$I$30),1,0) -> 1 | AB188: =IF(J188>0,1,0) -> 0 | AC188: =IF(K188>0,1,0) -> 0 | AD188: =IF(L188>0,1,0) -> 1 | AE188: =IF(M188>0,1,0) -> 0 | AF188: =IF(N188>0,1,0) -> 1 | AG188: =IF(O188>0,1,0) -> 0 | AH188: =IF(P188>0,1,0) -> 0 | AI188: =IF(COUNTIF(T188,"*"&"精简"&"*")>0,1,0) -> 0 | AJ188: =MIN(1,AA188*($AY$2+IF(AND(AB188>=$AQ$3,AC188>=$AR$3,AD188>=$AS$3,AE188>=$AT$3,AF188>=$AU$3,AG188>=$AV$3,AH188>=$AW$3,AI188>=$AX$3),1,0))) -> 1 | AK188: =SUM(AJ$2:$AJ188) -> 187
A189: 裤子 | B189: 7_104488 | C189: 平皋裤 | D189: 30200 | E189: 平皋裤(30200招无) | F189: 16580 | G189: 1353 | I189: 3072 | J189: 0 | K189: 0 | L189: 0 | M189: 11304 | N189: 9044 | O189: 0 | P189: 0 | R189: 0 | S189: 0 | T189: 招无 | U189: 6 | V189: 副本 | W189: 破防孔 | X189: 身法孔 | Z189: 1 | AA189: =IF(AND(D189>=配装计算器!$I$29,D189<=配装计算器!$I$30),1,0) -> 1 | AB189: =IF(J189>0,1,0) -> 0 | AC189: =IF(K189>0,1,0) -> 0 | AD189: =IF(L189>0,1,0) -> 0 | AE189: =IF(M189>0,1,0) -> 1 | AF189: =IF(N189>0,1,0) -> 1 | AG189: =IF(O189>0,1,0) -> 0 | AH189: =IF(P189>0,1,0) -> 0 | AI189: =IF(COUNTIF(T189,"*"&"精简"&"*")>0,1,0) -> 0 | AJ189: =MIN(1,AA189*($AY$2+IF(AND(AB189>=$AQ$3,AC189>=$AR$3,AD189>=$AS$3,AE189>=$AT$3,AF189>=$AU$3,AG189>=$AV$3,AH189>=$AW$3,AI189>=$AX$3),1,0))) -> 1 | AK189: =SUM(AJ$2:$AJ189) -> 188
A190: 裤子 | B190: 7_104881 | C190: 衔月裤 | D190: 30200 | E190: 衔月裤(30200招无) | F190: 16580 | G190: 1353 | I190: 3072 | J190: 0 | K190: 0 | L190: 0 | M190: 11304 | N190: 9044 | O190: 0 | P190: 0 | R190: 0 | S190: 0 | T190: 招无 | U190: 6 | V190: 副本 | W190: 破防孔 | X190: 身法孔 | Z190: 1 | AA190: =IF(AND(D190>=配装计算器!$I$29,D190<=配装计算器!$I$30),1,0) -> 1 | AB190: =IF(J190>0,1,0) -> 0 | AC190: =IF(K190>0,1,0) -> 0 | AD190: =IF(L190>0,1,0) -> 0 | AE190: =IF(M190>0,1,0) -> 1 | AF190: =IF(N190>0,1,0) -> 1 | AG190: =IF(O190>0,1,0) -> 0 | AH190: =IF(P190>0,1,0) -> 0 | AI190: =IF(COUNTIF(T190,"*"&"精简"&"*")>0,1,0) -> 0 | AJ190: =MIN(1,AA190*($AY$2+IF(AND(AB190>=$AQ$3,AC190>=$AR$3,AD190>=$AS$3,AE190>=$AT$3,AF190>=$AU$3,AG190>=$AV$3,AH190>=$AW$3,AI190>=$AX$3),1,0))) -> 1 | AK190: =SUM(AJ$2:$AJ190) -> 189
A191: 裤子 | B191: 7_104827 | C191: 问殿下裳 | D191: 30200 | E191: 问殿下裳(30200速无) | F191: 16580 | G191: 1353 | I191: 3072 | J191: 0 | K191: 0 | L191: 0 | M191: 0 | N191: 9044 | O191: 11304 | P191: 0 | R191: 0 | S191: 0 | T191: 速无 | U191: 6 | V191: 副本 | W191: 破招孔 | X191: 会心孔 | Z191: 1 | AA191: =IF(AND(D191>=配装计算器!$I$29,D191<=配装计算器!$I$30),1,0) -> 1 | AB191: =IF(J191>0,1,0) -> 0 | AC191: =IF(K191>0,1,0) -> 0 | AD191: =IF(L191>0,1,0) -> 0 | AE191: =IF(M191>0,1,0) -> 0 | AF191: =IF(N191>0,1,0) -> 1 | AG191: =IF(O191>0,1,0) -> 1 | AH191: =IF(P191>0,1,0) -> 0 | AI191: =IF(COUNTIF(T191,"*"&"精简"&"*")>0,1,0) -> 0 | AJ191: =MIN(1,AA191*($AY$2+IF(AND(AB191>=$AQ$3,AC191>=$AR$3,AD191>=$AS$3,AE191>=$AT$3,AF191>=$AU$3,AG191>=$AV$3,AH191>=$AW$3,AI191>=$AX$3),1,0))) -> 1 | AK191: =SUM(AJ$2:$AJ191) -> 190
A192: 裤子 | B192: 7_104132 | C192: 羽缀裤 | D192: 30200 | E192: 羽缀裤(30200破无) | F192: 16580 | G192: 1353 | I192: 3072 | J192: 0 | K192: 0 | L192: 11304 | M192: 0 | N192: 9044 | O192: 0 | P192: 0 | R192: 0 | S192: 0 | T192: 破无 | U192: 6 | V192: 副本 | W192: 攻击孔 | X192: 会心孔 | Z192: 1 | AA192: =IF(AND(D192>=配装计算器!$I$29,D192<=配装计算器!$I$30),1,0) -> 1 | AB192: =IF(J192>0,1,0) -> 0 | AC192: =IF(K192>0,1,0) -> 0 | AD192: =IF(L192>0,1,0) -> 1 | AE192: =IF(M192>0,1,0) -> 0 | AF192: =IF(N192>0,1,0) -> 1 | AG192: =IF(O192>0,1,0) -> 0 | AH192: =IF(P192>0,1,0) -> 0 | AI192: =IF(COUNTIF(T192,"*"&"精简"&"*")>0,1,0) -> 0 | AJ192: =MIN(1,AA192*($AY$2+IF(AND(AB192>=$AQ$3,AC192>=$AR$3,AD192>=$AS$3,AE192>=$AT$3,AF192>=$AU$3,AG192>=$AV$3,AH192>=$AW$3,AI192>=$AX$3),1,0))) -> 1 | AK192: =SUM(AJ$2:$AJ192) -> 191
A193: 裤子 | B193: 7_104520 | C193: 润源裤 | D193: 30200 | E193: 润源裤(30200会无) | F193: 16580 | G193: 1353 | I193: 3072 | J193: 11304 | K193: 0 | L193: 0 | M193: 0 | N193: 9044 | O193: 0 | P193: 0 | R193: 0 | S193: 0 | T193: 会无 | U193: 6 | V193: 副本 | W193: 破招孔 | X193: 会心孔 | Z193: 1 | AA193: =IF(AND(D193>=配装计算器!$I$29,D193<=配装计算器!$I$30),1,0) -> 1 | AB193: =IF(J193>0,1,0) -> 1 | AC193: =IF(K193>0,1,0) -> 0 | AD193: =IF(L193>0,1,0) -> 0 | AE193: =IF(M193>0,1,0) -> 0 | AF193: =IF(N193>0,1,0) -> 1 | AG193: =IF(O193>0,1,0) -> 0 | AH193: =IF(P193>0,1,0) -> 0 | AI193: =IF(COUNTIF(T193,"*"&"精简"&"*")>0,1,0) -> 0 | AJ193: =MIN(1,AA193*($AY$2+IF(AND(AB193>=$AQ$3,AC193>=$AR$3,AD193>=$AS$3,AE193>=$AT$3,AF193>=$AU$3,AG193>=$AV$3,AH193>=$AW$3,AI193>=$AX$3),1,0))) -> 1 | AK193: =SUM(AJ$2:$AJ193) -> 192
A194: 裤子 | B194: 7_104863 | C194: 标雁下裳 | D194: 30200 | E194: 标雁下裳(30200会无) | F194: 16580 | G194: 1353 | I194: 3072 | J194: 11304 | K194: 0 | L194: 0 | M194: 0 | N194: 9044 | O194: 0 | P194: 0 | R194: 0 | S194: 0 | T194: 会无 | U194: 6 | V194: 副本 | W194: 破招孔 | X194: 会心孔 | Z194: 1 | AA194: =IF(AND(D194>=配装计算器!$I$29,D194<=配装计算器!$I$30),1,0) -> 1 | AB194: =IF(J194>0,1,0) -> 1 | AC194: =IF(K194>0,1,0) -> 0 | AD194: =IF(L194>0,1,0) -> 0 | AE194: =IF(M194>0,1,0) -> 0 | AF194: =IF(N194>0,1,0) -> 1 | AG194: =IF(O194>0,1,0) -> 0 | AH194: =IF(P194>0,1,0) -> 0 | AI194: =IF(COUNTIF(T194,"*"&"精简"&"*")>0,1,0) -> 0 | AJ194: =MIN(1,AA194*($AY$2+IF(AND(AB194>=$AQ$3,AC194>=$AR$3,AD194>=$AS$3,AE194>=$AT$3,AF194>=$AU$3,AG194>=$AV$3,AH194>=$AW$3,AI194>=$AX$3),1,0))) -> 1 | AK194: =SUM(AJ$2:$AJ194) -> 193
A195: 裤子 | B195: 7_105013 | C195: 客行江湖·日斜下裳 | D195: 30200 | E195: 客行江湖·日斜下裳(30200破无) | F195: 16580 | G195: 1353 | I195: 3072 | J195: 0 | K195: 0 | L195: 11304 | M195: 0 | N195: 9044 | O195: 0 | P195: 0 | R195: 0 | S195: 0 | T195: 破无 | U195: 6 | V195: 浪客笺 | W195: 攻击孔 | X195: 会心孔 | Z195: 1 | AA195: =IF(AND(D195>=配装计算器!$I$29,D195<=配装计算器!$I$30),1,0) -> 1 | AB195: =IF(J195>0,1,0) -> 0 | AC195: =IF(K195>0,1,0) -> 0 | AD195: =IF(L195>0,1,0) -> 1 | AE195: =IF(M195>0,1,0) -> 0 | AF195: =IF(N195>0,1,0) -> 1 | AG195: =IF(O195>0,1,0) -> 0 | AH195: =IF(P195>0,1,0) -> 0 | AI195: =IF(COUNTIF(T195,"*"&"精简"&"*")>0,1,0) -> 0 | AJ195: =MIN(1,AA195*($AY$2+IF(AND(AB195>=$AQ$3,AC195>=$AR$3,AD195>=$AS$3,AE195>=$AT$3,AF195>=$AU$3,AG195>=$AV$3,AH195>=$AW$3,AI195>=$AX$3),1,0))) -> 1 | AK195: =SUM(AJ$2:$AJ195) -> 194
A196: 裤子 | B196: 7_105091 | C196: 坠红裤 | D196: 30200 | E196: 坠红裤(30200招无) | F196: 16580 | G196: 1353 | I196: 3072 | J196: 0 | K196: 0 | L196: 0 | M196: 11304 | N196: 9044 | O196: 0 | P196: 0 | R196: 0 | S196: 0 | T196: 招无 | U196: 6 | V196: 世界BOSS | W196: 破防孔 | X196: 身法孔 | Z196: 1 | AA196: =IF(AND(D196>=配装计算器!$I$29,D196<=配装计算器!$I$30),1,0) -> 1 | AB196: =IF(J196>0,1,0) -> 0 | AC196: =IF(K196>0,1,0) -> 0 | AD196: =IF(L196>0,1,0) -> 0 | AE196: =IF(M196>0,1,0) -> 1 | AF196: =IF(N196>0,1,0) -> 1 | AG196: =IF(O196>0,1,0) -> 0 | AH196: =IF(P196>0,1,0) -> 0 | AI196: =IF(COUNTIF(T196,"*"&"精简"&"*")>0,1,0) -> 0 | AJ196: =MIN(1,AA196*($AY$2+IF(AND(AB196>=$AQ$3,AC196>=$AR$3,AD196>=$AS$3,AE196>=$AT$3,AF196>=$AU$3,AG196>=$AV$3,AH196>=$AW$3,AI196>=$AX$3),1,0))) -> 1 | AK196: =SUM(AJ$2:$AJ196) -> 195
... A305: 帽子 | B305: 7_110899 | C305: 陶然意·烟峦帽 | D305: 42400 | E305: 陶然意·烟峦帽(42400会全) | F305: 20950 | G305: 1587 | I305: 2588 | J305: 14284 | K305: 0 | L305: 0 | M305: 0 | N305: 0 | O305: 0 | P305: 5714 | R305: 0 | S305: 0 | T305: 会全 | U305: 6 | V305: PVX | W305: 会心孔 | X305: 会效孔 | Z305: 2 | AA305: =IF(AND(D305>=配装计算器!$I$29,D305<=配装计算器!$I$30),1,0) -> 1 | AB305: =IF(J305>0,1,0) -> 1 | AC305: =IF(K305>0,1,0) -> 0 | AD305: =IF(L305>0,1,0) -> 0 | AE305: =IF(M305>0,1,0) -> 0 | AF305: =IF(N305>0,1,0) -> 0 | AG305: =IF(O305>0,1,0) -> 0 | AH305: =IF(P305>0,1,0) -> 1 | AI305: =IF(COUNTIF(T305,"*"&"精简"&"*")>0,1,0) -> 0 | AJ305: =MIN(1,AA305*($AY$2+IF(AND(AB305>=$AQ$3,AC305>=$AR$3,AD305>=$AS$3,AE305>=$AT$3,AF305>=$AU$3,AG305>=$AV$3,AH305>=$AW$3,AI305>=$AX$3),1,0))) -> 1 | AK305: =SUM(AJ$2:$AJ305) -> 304
A306: 轻剑 | B306: 6_40176 | C306: 伏魔悲音 | D306: 21375 | E306: 伏魔悲音(21375大橙武) | F306: 15647 | G306: 1277 | I306: 6191 | J306: 9246 | K306: 0 | L306: 7112 | M306: 0 | N306: 0 | O306: 3556 | P306: 0 | R306: 4788 | S306: 7980 | T306: 大橙武 | U306: 8 | V306: 任务 | W306: 攻击孔 | X306: 身法孔 | Y306: 破防孔 | Z306: 3 | AA306: =IF(AND(D306>=配装计算器!$I$29,D306<=配装计算器!$I$30),1,0) -> 1 | AB306: =IF(J306>0,1,0) -> 1 | AC306: =IF(K306>0,1,0) -> 0 | AD306: =IF(L306>0,1,0) -> 1 | AE306: =IF(M306>0,1,0) -> 0 | AF306: =IF(N306>0,1,0) -> 0 | AG306: =IF(O306>0,1,0) -> 1 | AH306: =IF(P306>0,1,0) -> 0 | AI306: =IF(COUNTIF(T306,"*"&"精简"&"*")>0,1,0) -> 0 | AJ306: =MIN(1,AA306*($AY$2+IF(AND(AB306>=$AQ$3,AC306>=$AR$3,AD306>=$AS$3,AE306>=$AT$3,AF306>=$AU$3,AG306>=$AV$3,AH306>=$AW$3,AI306>=$AX$3),1,0))) -> 1 | AK306: =SUM(AJ$2:$AJ306) -> 305
A307: 轻剑 | B307: 6_40208 | C307: 伏魔悲音 | D307: 22875 | E307: 伏魔悲音(22875大橙武) | F307: 16744 | G307: 1366 | I307: 6626 | J307: 9894 | K307: 0 | L307: 7611 | M307: 0 | N307: 0 | O307: 3806 | P307: 0 | R307: 5124 | S307: 8540 | T307: 大橙武 | U307: 8 | V307: 任务 | W307: 攻击孔 | X307: 身法孔 | Y307: 破防孔 | Z307: 3 | AA307: =IF(AND(D307>=配装计算器!$I$29,D307<=配装计算器!$I$30),1,0) -> 1 | AB307: =IF(J307>0,1,0) -> 1 | AC307: =IF(K307>0,1,0) -> 0 | AD307: =IF(L307>0,1,0) -> 1 | AE307: =IF(M307>0,1,0) -> 0 | AF307: =IF(N307>0,1,0) -> 0 | AG307: =IF(O307>0,1,0) -> 1 | AH307: =IF(P307>0,1,0) -> 0 | AI307: =IF(COUNTIF(T307,"*"&"精简"&"*")>0,1,0) -> 0 | AJ307: =MIN(1,AA307*($AY$2+IF(AND(AB307>=$AQ$3,AC307>=$AR$3,AD307>=$AS$3,AE307>=$AT$3,AF307>=$AU$3,AG307>=$AV$3,AH307>=$AW$3,AI307>=$AX$3),1,0))) -> 1 | AK307: =SUM(AJ$2:$AJ307) -> 306
A308: 轻剑 | B308: 6_40240 | C308: 伏魔悲音 | D308: 24375 | E308: 伏魔悲音(24375大橙武) | F308: 17843 | G308: 1456 | I308: 7060 | J308: 10543 | K308: 0 | L308: 8110 | M308: 0 | N308: 0 | O308: 4055 | P308: 0 | R308: 5460 | S308: 9100 | T308: 大橙武 | U308: 8 | V308: 任务 | W308: 攻击孔 | X308: 身法孔 | Y308: 破防孔 | Z308: 3 | AA308: =IF(AND(D308>=配装计算器!$I$29,D308<=配装计算器!$I$30),1,0) -> 1 | AB308: =IF(J308>0,1,0) -> 1 | AC308: =IF(K308>0,1,0) -> 0 | AD308: =IF(L308>0,1,0) -> 1 | AE308: =IF(M308>0,1,0) -> 0 | AF308: =IF(N308>0,1,0) -> 0 | AG308: =IF(O308>0,1,0) -> 1 | AH308: =IF(P308>0,1,0) -> 0 | AI308: =IF(COUNTIF(T308,"*"&"精简"&"*")>0,1,0) -> 0 | AJ308: =MIN(1,AA308*($AY$2+IF(AND(AB308>=$AQ$3,AC308>=$AR$3,AD308>=$AS$3,AE308>=$AT$3,AF308>=$AU$3,AG308>=$AV$3,AH308>=$AW$3,AI308>=$AX$3),1,0))) -> 1 | AK308: =SUM(AJ$2:$AJ308) -> 307
A309: 轻剑 | B309: 6_44116 | C309: 白夜火·行 | D309: 24500 | E309: 白夜火·行(24500小橙武) | F309: 17934 | G309: 1463 | I309: 7096 | J309: 10597 | K309: 0 | L309: 8152 | M309: 0 | N309: 0 | O309: 4076 | P309: 0 | R309: 5488 | S309: 9147 | T309: 小橙武 | U309: 8 | V309: 神兵试炼 | W309: 攻击孔 | X309: 身法孔 | Y309: 破防孔 | Z309: 3 | AA309: =IF(AND(D309>=配装计算器!$I$29,D309<=配装计算器!$I$30),1,0) -> 1 | AB309: =IF(J309>0,1,0) -> 1 | AC309: =IF(K309>0,1,0) -> 0 | AD309: =IF(L309>0,1,0) -> 1 | AE309: =IF(M309>0,1,0) -> 0 | AF309: =IF(N309>0,1,0) -> 0 | AG309: =IF(O309>0,1,0) -> 1 | AH309: =IF(P309>0,1,0) -> 0 | AI309: =IF(COUNTIF(T309,"*"&"精简"&"*")>0,1,0) -> 0 | AJ309: =MIN(1,AA309*($AY$2+IF(AND(AB309>=$AQ$3,AC309>=$AR$3,AD309>=$AS$3,AE309>=$AT$3,AF309>=$AU$3,AG309>=$AV$3,AH309>=$AW$3,AI309>=$AX$3),1,0))) -> 1 | AK309: =SUM(AJ$2:$AJ309) -> 308
A310: 轻剑 | B310: 6_40272 | C310: 伏魔悲音 | D310: 25940 | E310: 伏魔悲音(25940大橙武) | F310: 18988 | G310: 1549 | I310: 7513 | J310: 11220 | K310: 0 | L310: 8631 | M310: 0 | N310: 0 | O310: 4315 | P310: 0 | R310: 5811 | S310: 9685 | T310: 大橙武 | U310: 8 | V310: 任务 | W310: 攻击孔 | X310: 身法孔 | Y310: 破防孔 | Z310: 3 | AA310: =IF(AND(D310>=配装计算器!$I$29,D310<=配装计算器!$I$30),1,0) -> 1 | AB310: =IF(J310>0,1,0) -> 1 | AC310: =IF(K310>0,1,0) -> 0 | AD310: =IF(L310>0,1,0) -> 1 | AE310: =IF(M310>0,1,0) -> 0 | AF310: =IF(N310>0,1,0) -> 0 | AG310: =IF(O310>0,1,0) -> 1 | AH310: =IF(P310>0,1,0) -> 0 | AI310: =IF(COUNTIF(T310,"*"&"精简"&"*")>0,1,0) -> 0 | AJ310: =MIN(1,AA310*($AY$2+IF(AND(AB310>=$AQ$3,AC310>=$AR$3,AD310>=$AS$3,AE310>=$AT$3,AF310>=$AU$3,AG310>=$AV$3,AH310>=$AW$3,AI310>=$AX$3),1,0))) -> 1 | AK310: =SUM(AJ$2:$AJ310) -> 309
A311: 轻剑 | B311: 6_44149 | C311: 白夜火·行 | D311: 27000 | E311: 白夜火·行(27000小橙武) | F311: 19764 | G311: 1612 | I311: 7820 | J311: 11679 | K311: 0 | L311: 8984 | M311: 0 | N311: 0 | O311: 4492 | P311: 0 | R311: 6048 | S311: 10080 | T311: 小橙武 | U311: 8 | V311: 神兵试炼 | W311: 攻击孔 | X311: 身法孔 | Y311: 破防孔 | Z311: 3 | AA311: =IF(AND(D311>=配装计算器!$I$29,D311<=配装计算器!$I$30),1,0) -> 1 | AB311: =IF(J311>0,1,0) -> 1 | AC311: =IF(K311>0,1,0) -> 0 | AD311: =IF(L311>0,1,0) -> 1 | AE311: =IF(M311>0,1,0) -> 0 | AF311: =IF(N311>0,1,0) -> 0 | AG311: =IF(O311>0,1,0) -> 1 | AH311: =IF(P311>0,1,0) -> 0 | AI311: =IF(COUNTIF(T311,"*"&"精简"&"*")>0,1,0) -> 0 | AJ311: =MIN(1,AA311*($AY$2+IF(AND(AB311>=$AQ$3,AC311>=$AR$3,AD311>=$AS$3,AE311>=$AT$3,AF311>=$AU$3,AG311>=$AV$3,AH311>=$AW$3,AI311>=$AX$3),1,0))) -> 1 | AK311: =SUM(AJ$2:$AJ311) -> 310
A312: 轻剑 | B312: 6_40304 | C312: 伏魔悲音 | D312: 27500 | E312: 伏魔悲音(27500大橙武) | F312: 20130 | G312: 1642 | I312: 7965 | J312: 11895 | K312: 0 | L312: 9150 | M312: 0 | N312: 0 | O312: 4575 | P312: 0 | R312: 6160 | S312: 10267 | T312: 大橙武 | U312: 8 | V312: 任务 | W312: 攻击孔 | X312: 身法孔 | Y312: 破防孔 | Z312: 3 | AA312: =IF(AND(D312>=配装计算器!$I$29,D312<=配装计算器!$I$30),1,0) -> 1 | AB312: =IF(J312>0,1,0) -> 1 | AC312: =IF(K312>0,1,0) -> 0 | AD312: =IF(L312>0,1,0) -> 1 | AE312: =IF(M312>0,1,0) -> 0 | AF312: =IF(N312>0,1,0) -> 0 | AG312: =IF(O312>0,1,0) -> 1 | AH312: =IF(P312>0,1,0) -> 0 | AI312: =IF(COUNTIF(T312,"*"&"精简"&"*")>0,1,0) -> 0 | AJ312: =MIN(1,AA312*($AY$2+IF(AND(AB312>=$AQ$3,AC312>=$AR$3,AD312>=$AS$3,AE312>=$AT$3,AF312>=$AU$3,AG312>=$AV$3,AH312>=$AW$3,AI312>=$AX$3),1,0))) -> 1 | AK312: =SUM(AJ$2:$AJ312) -> 311
A313: 轻剑 | B313: 6_44182 | C313: 白夜火·行 | D313: 29500 | E313: 白夜火·行(29500小橙武) | F313: 21594 | G313: 1762 | I313: 8544 | J313: 12760 | K313: 0 | L313: 9815 | M313: 0 | N313: 0 | O313: 4908 | P313: 0 | R313: 6608 | S313: 11014 | T313: 小橙武 | U313: 8 | V313: 神兵试炼 | W313: 攻击孔 | X313: 身法孔 | Y313: 破防孔 | Z313: 3 | AA313: =IF(AND(D313>=配装计算器!$I$29,D313<=配装计算器!$I$30),1,0) -> 1 | AB313: =IF(J313>0,1,0) -> 1 | AC313: =IF(K313>0,1,0) -> 0 | AD313: =IF(L313>0,1,0) -> 1 | AE313: =IF(M313>0,1,0) -> 0 | AF313: =IF(N313>0,1,0) -> 0 | AG313: =IF(O313>0,1,0) -> 1 | AH313: =IF(P313>0,1,0) -> 0 | AI313: =IF(COUNTIF(T313,"*"&"精简"&"*")>0,1,0) -> 0 | AJ313: =MIN(1,AA313*($AY$2+IF(AND(AB313>=$AQ$3,AC313>=$AR$3,AD313>=$AS$3,AE313>=$AT$3,AF313>=$AU$3,AG313>=$AV$3,AH313>=$AW$3,AI313>=$AX$3),1,0))) -> 1 | AK313: =SUM(AJ$2:$AJ313) -> 312
A314: 轻剑 | B314: 6_42123 | C314: 伏魔悲音 | D314: 29575 | E314: 伏魔悲音(29575大橙武) | F314: 21649 | G314: 1766 | I314: 8566 | J314: 12793 | K314: 0 | L314: 9840 | M314: 0 | N314: 0 | O314: 4920 | P314: 0 | R314: 6625 | S314: 11042 | T314: 大橙武 | U314: 8 | V314: 任务 | W314: 攻击孔 | X314: 身法孔 | Y314: 破防孔 | Z314: 3 | AA314: =IF(AND(D314>=配装计算器!$I$29,D314<=配装计算器!$I$30),1,0) -> 1 | AB314: =IF(J314>0,1,0) -> 1 | AC314: =IF(K314>0,1,0) -> 0 | AD314: =IF(L314>0,1,0) -> 1 | AE314: =IF(M314>0,1,0) -> 0 | AF314: =IF(N314>0,1,0) -> 0 | AG314: =IF(O314>0,1,0) -> 1 | AH314: =IF(P314>0,1,0) -> 0 | AI314: =IF(COUNTIF(T314,"*"&"精简"&"*")>0,1,0) -> 0 | AJ314: =MIN(1,AA314*($AY$2+IF(AND(AB314>=$AQ$3,AC314>=$AR$3,AD314>=$AS$3,AE314>=$AT$3,AF314>=$AU$3,AG314>=$AV$3,AH314>=$AW$3,AI314>=$AX$3),1,0))) -> 1 | AK314: =SUM(AJ$2:$AJ314) -> 313
A315: 轻剑 | B315: 6_43658 | C315: 初长轻剑 | D315: 30200 | E315: 初长轻剑(30200速全) | F315: 19896 | G315: 1507 | I315: 6889 | J315: 0 | K315: 0 | L315: 0 | M315: 0 | N315: 0 | O315: 13565 | P315: 5426 | R315: 6089 | S315: 10148 | T315: 速全 | U315: 6 | V315: 副本 | W315: 破防孔 | X315: 攻击孔 | Y315: 全能孔 | Z315: 2 | AA315: =IF(AND(D315>=配装计算器!$I$29,D315<=配装计算器!$I$30),1,0) -> 1 | AB315: =IF(J315>0,1,0) -> 0 | AC315: =IF(K315>0,1,0) -> 0 | AD315: =IF(L315>0,1,0) -> 0 | AE315: =IF(M315>0,1,0) -> 0 | AF315: =IF(N315>0,1,0) -> 0 | AG315: =IF(O315>0,1,0) -> 1 | AH315: =IF(P315>0,1,0) -> 1 | AI315: =IF(COUNTIF(T315,"*"&"精简"&"*")>0,1,0) -> 0 | AJ315: =MIN(1,AA315*($AY$2+IF(AND(AB315>=$AQ$3,AC315>=$AR$3,AD315>=$AS$3,AE315>=$AT$3,AF315>=$AU$3,AG315>=$AV$3,AH315>=$AW$3,AI315>=$AX$3),1,0))) -> 1 | AK315: =SUM(AJ$2:$AJ315) -> 314
A316: 轻剑 | B316: 6_43620 | C316: 惜涯轻剑 | D316: 30200 | E316: 惜涯轻剑(30200破全) | F316: 19896 | G316: 1507 | I316: 6889 | J316: 0 | K316: 0 | L316: 13565 | M316: 0 | N316: 0 | O316: 0 | P316: 5426 | R316: 6089 | S316: 10148 | T316: 破全 | U316: 6 | V316: 副本 | W316: 身法孔 | X316: 破防孔 | Y316: 全能孔 | Z316: 2 | AA316: =IF(AND(D316>=配装计算器!$I$29,D316<=配装计算器!$I$30),1,0) -> 1 | AB316: =IF(J316>0,1,0) -> 0 | AC316: =IF(K316>0,1,0) -> 0 | AD316: =IF(L316>0,1,0) -> 1 | AE316: =IF(M316>0,1,0) -> 0 | AF316: =IF(N316>0,1,0) -> 0 | AG316: =IF(O316>0,1,0) -> 0 | AH316: =IF(P316>0,1,0) -> 1 | AI316: =IF(COUNTIF(T316,"*"&"精简"&"*")>0,1,0) -> 0 | AJ316: =MIN(1,AA316*($AY$2+IF(AND(AB316>=$AQ$3,AC316>=$AR$3,AD316>=$AS$3,AE316>=$AT$3,AF316>=$AU$3,AG316>=$AV$3,AH316>=$AW$3,AI316>=$AX$3),1,0))) -> 1 | AK316: =SUM(AJ$2:$AJ316) -> 315
A317: 轻剑 | B317: 6_45650 | C317: 臻泽轻剑·外 | D317: 30200 | E317: 臻泽轻剑·外(30200破全) | F317: 19896 | G317: 1507 | I317: 6889 | J317: 0 | K317: 0 | L317: 13565 | M317: 0 | N317: 0 | O317: 0 | P317: 5426 | R317: 6089 | S317: 10148 | T317: 破全 | U317: 6 | V317: 活动 | W317: 身法孔 | X317: 破防孔 | Y317: 全能孔 | Z317: 2 | AA317: =IF(AND(D317>=配装计算器!$I$29,D317<=配装计算器!$I$30),1,0) -> 1 | AB317: =IF(J317>0,1,0) -> 0 | AC317: =IF(K317>0,1,0) -> 0 | AD317: =IF(L317>0,1,0) -> 1 | AE317: =IF(M317>0,1,0) -> 0 | AF317: =IF(N317>0,1,0) -> 0 | AG317: =IF(O317>0,1,0) -> 0 | AH317: =IF(P317>0,1,0) -> 1 | AI317: =IF(COUNTIF(T317,"*"&"精简"&"*")>0,1,0) -> 0 | AJ317: =MIN(1,AA317*($AY$2+IF(AND(AB317>=$AQ$3,AC317>=$AR$3,AD317>=$AS$3,AE317>=$AT$3,AF317>=$AU$3,AG317>=$AV$3,AH317>=$AW$3,AI317>=$AX$3),1,0))) -> 1 | AK317: =SUM(AJ$2:$AJ317) -> 316
... A354: 轻剑 | B354: 6_45315 | C354: 伏魔悲音 | D354: 42500 | E354: 伏魔悲音(42500大橙武) | F354: 31110 | G354: 2538 | I354: 12310 | J354: 18383 | K354: 0 | L354: 14141 | M354: 0 | N354: 0 | O354: 7070 | P354: 0 | R354: 9521 | S354: 15868 | T354: 大橙武 | U354: 8 | V354: 任务 | W354: 攻击孔 | X354: 身法孔 | Y354: 破防孔 | Z354: 3 | AA354: =IF(AND(D354>=配装计算器!$I$29,D354<=配装计算器!$I$30),1,0) -> 1 | AB354: =IF(J354>0,1,0) -> 1 | AC354: =IF(K354>0,1,0) -> 0 | AD354: =IF(L354>0,1,0) -> 1 | AE354: =IF(M354>0,1,0) -> 0 | AF354: =IF(N354>0,1,0) -> 0 | AG354: =IF(O354>0,1,0) -> 1 | AH354: =IF(P354>0,1,0) -> 0 | AI354: =IF(COUNTIF(T354,"*"&"精简"&"*")>0,1,0) -> 0 | AJ354: =MIN(1,AA354*($AY$2+IF(AND(AB354>=$AQ$3,AC354>=$AR$3,AD354>=$AS$3,AE354>=$AT$3,AF354>=$AU$3,AG354>=$AV$3,AH354>=$AW$3,AI354>=$AX$3),1,0))) -> 1 | AK354: =SUM(AJ$2:$AJ354) -> 353
A355: 上衣 | B355: 7_108551 | C355: 镂云衫 | D355: 30200 | E355: 镂云衫(30200速全) | F355: 16580 | G355: 1256 | I355: 2048 | J355: 0 | K355: 0 | L355: 0 | M355: 0 | N355: 0 | O355: 11304 | P355: 4522 | R355: 0 | S355: 0 | T355: 速全 | U355: 6 | V355: 副本 | W355: 破防孔 | X355: 全能孔 | Z355: 2 | AA355: =IF(AND(D355>=配装计算器!$I$29,D355<=配装计算器!$I$30),1,0) -> 1 | AB355: =IF(J355>0,1,0) -> 0 | AC355: =IF(K355>0,1,0) -> 0 | AD355: =IF(L355>0,1,0) -> 0 | AE355: =IF(M355>0,1,0) -> 0 | AF355: =IF(N355>0,1,0) -> 0 | AG355: =IF(O355>0,1,0) -> 1 | AH355: =IF(P355>0,1,0) -> 1 | AI355: =IF(COUNTIF(T355,"*"&"精简"&"*")>0,1,0) -> 0 | AJ355: =MIN(1,AA355*($AY$2+IF(AND(AB355>=$AQ$3,AC355>=$AR$3,AD355>=$AS$3,AE355>=$AT$3,AF355>=$AU$3,AG355>=$AV$3,AH355>=$AW$3,AI355>=$AX$3),1,0))) -> 1 | AK355: =SUM(AJ$2:$AJ355) -> 354
A356: 上衣 | B356: 7_108515 | C356: 智渊衫 | D356: 30200 | E356: 智渊衫(30200会全) | F356: 16580 | G356: 1256 | I356: 2048 | J356: 11304 | K356: 0 | L356: 0 | M356: 0 | N356: 0 | O356: 0 | P356: 4522 | R356: 0 | S356: 0 | T356: 会全 | U356: 6 | V356: 副本 | W356: 体质孔 | X356: 会心孔 | Z356: 2 | AA356: =IF(AND(D356>=配装计算器!$I$29,D356<=配装计算器!$I$30),1,0) -> 1 | AB356: =IF(J356>0,1,0) -> 1 | AC356: =IF(K356>0,1,0) -> 0 | AD356: =IF(L356>0,1,0) -> 0 | AE356: =IF(M356>0,1,0) -> 0 | AF356: =IF(N356>0,1,0) -> 0 | AG356: =IF(O356>0,1,0) -> 0 | AH356: =IF(P356>0,1,0) -> 1 | AI356: =IF(COUNTIF(T356,"*"&"精简"&"*")>0,1,0) -> 0 | AJ356: =MIN(1,AA356*($AY$2+IF(AND(AB356>=$AQ$3,AC356>=$AR$3,AD356>=$AS$3,AE356>=$AT$3,AF356>=$AU$3,AG356>=$AV$3,AH356>=$AW$3,AI356>=$AX$3),1,0))) -> 1 | AK356: =SUM(AJ$2:$AJ356) -> 355
A357: 上衣 | B357: 7_111012 | C357: 臻泽衫 | D357: 30200 | E357: 臻泽衫(30200破全) | F357: 16580 | G357: 1256 | I357: 2048 | J357: 0 | K357: 0 | L357: 11304 | M357: 0 | N357: 0 | O357: 0 | P357: 4522 | R357: 0 | S357: 0 | T357: 破全 | U357: 6 | V357: 活动 | W357: 身法孔 | X357: 最大气血值 | Z357: 2 | AA357: =IF(AND(D357>=配装计算器!$I$29,D357<=配装计算器!$I$30),1,0) -> 1 | AB357: =IF(J357>0,1,0) -> 0 | AC357: =IF(K357>0,1,0) -> 0 | AD357: =IF(L357>0,1,0) -> 1 | AE357: =IF(M357>0,1,0) -> 0 | AF357: =IF(N357>0,1,0) -> 0 | AG357: =IF(O357>0,1,0) -> 0 | AH357: =IF(P357>0,1,0) -> 1 | AI357: =IF(COUNTIF(T357,"*"&"精简"&"*")>0,1,0) -> 0 | AJ357: =MIN(1,AA357*($AY$2+IF(AND(AB357>=$AQ$3,AC357>=$AR$3,AD357>=$AS$3,AE357>=$AT$3,AF357>=$AU$3,AG357>=$AV$3,AH357>=$AW$3,AI357>=$AX$3),1,0))) -> 1 | AK357: =SUM(AJ$2:$AJ357) -> 356
A358: 上衣 | B358: 7_104789 | C358: 【门派套装】天极·听荷衣 | D358: 30200 | E358: 【门派套装】天极·听荷衣(30200会无) | F358: 16580 | G358: 1353 | I358: 3072 | J358: 11304 | K358: 0 | L358: 0 | M358: 0 | N358: 9044 | O358: 0 | P358: 0 | R358: 0 | S358: 0 | T358: 会无 | U358: 6 | V358: 兑换牌 | W358: 会心孔 | X358: 会效孔 | Z358: 1 | AA358: =IF(AND(D358>=配装计算器!$I$29,D358<=配装计算器!$I$30),1,0) -> 1 | AB358: =IF(J358>0,1,0) -> 1 | AC358: =IF(K358>0,1,0) -> 0 | AD358: =IF(L358>0,1,0) -> 0 | AE358: =IF(M358>0,1,0) -> 0 | AF358: =IF(N358>0,1,0) -> 1 | AG358: =IF(O358>0,1,0) -> 0 | AH358: =IF(P358>0,1,0) -> 0 | AI358: =IF(COUNTIF(T358,"*"&"精简"&"*")>0,1,0) -> 0 | AJ358: =MIN(1,AA358*($AY$2+IF(AND(AB358>=$AQ$3,AC358>=$AR$3,AD358>=$AS$3,AE358>=$AT$3,AF358>=$AU$3,AG358>=$AV$3,AH358>=$AW$3,AI358>=$AX$3),1,0))) -> 1 | AK358: =SUM(AJ$2:$AJ358) -> 357
A359: 上衣 | B359: 7_108251 | C359: 孤城惊梦·迷烟衫 | D359: 30200 | E359: 孤城惊梦·迷烟衫(30200招无) | F359: 16580 | G359: 1353 | I359: 3072 | J359: 0 | K359: 0 | L359: 0 | M359: 11304 | N359: 9044 | O359: 0 | P359: 0 | R359: 0 | S359: 0 | T359: 招无 | U359: 6 | V359: 飞沙令 | W359: 破招孔 | X359: 会心孔 | Z359: 1 | AA359: =IF(AND(D359>=配装计算器!$I$29,D359<=配装计算器!$I$30),1,0) -> 1 | AB359: =IF(J359>0,1,0) -> 0 | AC359: =IF(K359>0,1,0) -> 0 | AD359: =IF(L359>0,1,0) -> 0 | AE359: =IF(M359>0,1,0) -> 1 | AF359: =IF(N359>0,1,0) -> 1 | AG359: =IF(O359>0,1,0) -> 0 | AH359: =IF(P359>0,1,0) -> 0 | AI359: =IF(COUNTIF(T359,"*"&"精简"&"*")>0,1,0) -> 0 | AJ359: =MIN(1,AA359*($AY$2+IF(AND(AB359>=$AQ$3,AC359>=$AR$3,AD359>=$AS$3,AE359>=$AT$3,AF359>=$AU$3,AG359>=$AV$3,AH359>=$AW$3,AI359>=$AX$3),1,0))) -> 1 | AK359: =SUM(AJ$2:$AJ359) -> 358
A360: 上衣 | B360: 7_104499 | C360: 平皋衣 | D360: 30200 | E360: 平皋衣(30200招无) | F360: 16580 | G360: 1353 | I360: 3072 | J360: 0 | K360: 0 | L360: 0 | M360: 11304 | N360: 9044 | O360: 0 | P360: 0 | R360: 0 | S360: 0 | T360: 招无 | U360: 6 | V360: 副本 | W360: 破招孔 | X360: 会心孔 | Z360: 1 | AA360: =IF(AND(D360>=配装计算器!$I$29,D360<=配装计算器!$I$30),1,0) -> 1 | AB360: =IF(J360>0,1,0) -> 0 | AC360: =IF(K360>0,1,0) -> 0 | AD360: =IF(L360>0,1,0) -> 0 | AE360: =IF(M360>0,1,0) -> 1 | AF360: =IF(N360>0,1,0) -> 1 | AG360: =IF(O360>0,1,0) -> 0 | AH360: =IF(P360>0,1,0) -> 0 | AI360: =IF(COUNTIF(T360,"*"&"精简"&"*")>0,1,0) -> 0 | AJ360: =MIN(1,AA360*($AY$2+IF(AND(AB360>=$AQ$3,AC360>=$AR$3,AD360>=$AS$3,AE360>=$AT$3,AF360>=$AU$3,AG360>=$AV$3,AH360>=$AW$3,AI360>=$AX$3),1,0))) -> 1 | AK360: =SUM(AJ$2:$AJ360) -> 359
A361: 上衣 | B361: 7_104875 | C361: 标雁衣 | D361: 30200 | E361: 标雁衣(30200招无) | F361: 16580 | G361: 1353 | I361: 3072 | J361: 0 | K361: 0 | L361: 0 | M361: 11304 | N361: 9044 | O361: 0 | P361: 0 | R361: 0 | S361: 0 | T361: 招无 | U361: 6 | V361: 副本 | W361: 破招孔 | X361: 会心孔 | Z361: 1 | AA361: =IF(AND(D361>=配装计算器!$I$29,D361<=配装计算器!$I$30),1,0) -> 1 | AB361: =IF(J361>0,1,0) -> 0 | AC361: =IF(K361>0,1,0) -> 0 | AD361: =IF(L361>0,1,0) -> 0 | AE361: =IF(M361>0,1,0) -> 1 | AF361: =IF(N361>0,1,0) -> 1 | AG361: =IF(O361>0,1,0) -> 0 | AH361: =IF(P361>0,1,0) -> 0 | AI361: =IF(COUNTIF(T361,"*"&"精简"&"*")>0,1,0) -> 0 | AJ361: =MIN(1,AA361*($AY$2+IF(AND(AB361>=$AQ$3,AC361>=$AR$3,AD361>=$AS$3,AE361>=$AT$3,AF361>=$AU$3,AG361>=$AV$3,AH361>=$AW$3,AI361>=$AX$3),1,0))) -> 1 | AK361: =SUM(AJ$2:$AJ361) -> 360
A362: 上衣 | B362: 7_104144 | C362: 润源衣 | D362: 30200 | E362: 润源衣(30200速无) | F362: 16580 | G362: 1353 | I362: 3072 | J362: 0 | K362: 0 | L362: 0 | M362: 0 | N362: 9044 | O362: 11304 | P362: 0 | R362: 0 | S362: 0 | T362: 速无 | U362: 6 | V362: 副本 | W362: 会心孔 | X362: 破招孔 | Z362: 1 | AA362: =IF(AND(D362>=配装计算器!$I$29,D362<=配装计算器!$I$30),1,0) -> 1 | AB362: =IF(J362>0,1,0) -> 0 | AC362: =IF(K362>0,1,0) -> 0 | AD362: =IF(L362>0,1,0) -> 0 | AE362: =IF(M362>0,1,0) -> 0 | AF362: =IF(N362>0,1,0) -> 1 | AG362: =IF(O362>0,1,0) -> 1 | AH362: =IF(P362>0,1,0) -> 0 | AI362: =IF(COUNTIF(T362,"*"&"精简"&"*")>0,1,0) -> 0 | AJ362: =MIN(1,AA362*($AY$2+IF(AND(AB362>=$AQ$3,AC362>=$AR$3,AD362>=$AS$3,AE362>=$AT$3,AF362>=$AU$3,AG362>=$AV$3,AH362>=$AW$3,AI362>=$AX$3),1,0))) -> 1 | AK362: =SUM(AJ$2:$AJ362) -> 361
A363: 上衣 | B363: 7_104839 | C363: 问殿衣 | D363: 30200 | E363: 问殿衣(30200速无) | F363: 16580 | G363: 1353 | I363: 3072 | J363: 0 | K363: 0 | L363: 0 | M363: 0 | N363: 9044 | O363: 11304 | P363: 0 | R363: 0 | S363: 0 | T363: 速无 | U363: 6 | V363: 副本 | W363: 会心孔 | X363: 破招孔 | Z363: 1 | AA363: =IF(AND(D363>=配装计算器!$I$29,D363<=配装计算器!$I$30),1,0) -> 1 | AB363: =IF(J363>0,1,0) -> 0 | AC363: =IF(K363>0,1,0) -> 0 | AD363: =IF(L363>0,1,0) -> 0 | AE363: =IF(M363>0,1,0) -> 0 | AF363: =IF(N363>0,1,0) -> 1 | AG363: =IF(O363>0,1,0) -> 1 | AH363: =IF(P363>0,1,0) -> 0 | AI363: =IF(COUNTIF(T363,"*"&"精简"&"*")>0,1,0) -> 0 | AJ363: =MIN(1,AA363*($AY$2+IF(AND(AB363>=$AQ$3,AC363>=$AR$3,AD363>=$AS$3,AE363>=$AT$3,AF363>=$AU$3,AG363>=$AV$3,AH363>=$AW$3,AI363>=$AX$3),1,0))) -> 1 | AK363: =SUM(AJ$2:$AJ363) -> 362
A364: 上衣 | B364: 7_104472 | C364: 羽缀衣 | D364: 30200 | E364: 羽缀衣(30200破无) | F364: 16580 | G364: 1353 | I364: 3072 | J364: 0 | K364: 0 | L364: 11304 | M364: 0 | N364: 9044 | O364: 0 | P364: 0 | R364: 0 | S364: 0 | T364: 破无 | U364: 6 | V364: 副本 | W364: 身法孔 | X364: 会心孔 | Z364: 1 | AA364: =IF(AND(D364>=配装计算器!$I$29,D364<=配装计算器!$I$30),1,0) -> 1 | AB364: =IF(J364>0,1,0) -> 0 | AC364: =IF(K364>0,1,0) -> 0 | AD364: =IF(L364>0,1,0) -> 1 | AE364: =IF(M364>0,1,0) -> 0 | AF364: =IF(N364>0,1,0) -> 1 | AG364: =IF(O364>0,1,0) -> 0 | AH364: =IF(P364>0,1,0) -> 0 | AI364: =IF(COUNTIF(T364,"*"&"精简"&"*")>0,1,0) -> 0 | AJ364: =MIN(1,AA364*($AY$2+IF(AND(AB364>=$AQ$3,AC364>=$AR$3,AD364>=$AS$3,AE364>=$AT$3,AF364>=$AU$3,AG364>=$AV$3,AH364>=$AW$3,AI364>=$AX$3),1,0))) -> 1 | AK364: =SUM(AJ$2:$AJ364) -> 363
A365: 上衣 | B365: 7_105103 | C365: 坠红衫 | D365: 30200 | E365: 坠红衫(30200会无) | F365: 16580 | G365: 1353 | I365: 3072 | J365: 11304 | K365: 0 | L365: 0 | M365: 0 | N365: 9044 | O365: 0 | P365: 0 | R365: 0 | S365: 0 | T365: 会无 | U365: 6 | V365: 世界BOSS | W365: 会心孔 | X365: 会效孔 | Z365: 1 | AA365: =IF(AND(D365>=配装计算器!$I$29,D365<=配装计算器!$I$30),1,0) -> 1 | AB365: =IF(J365>0,1,0) -> 1 | AC365: =IF(K365>0,1,0) -> 0 | AD365: =IF(L365>0,1,0) -> 0 | AE365: =IF(M365>0,1,0) -> 0 | AF365: =IF(N365>0,1,0) -> 1 | AG365: =IF(O365>0,1,0) -> 0 | AH365: =IF(P365>0,1,0) -> 0 | AI365: =IF(COUNTIF(T365,"*"&"精简"&"*")>0,1,0) -> 0 | AJ365: =MIN(1,AA365*($AY$2+IF(AND(AB365>=$AQ$3,AC365>=$AR$3,AD365>=$AS$3,AE365>=$AT$3,AF365>=$AU$3,AG365>=$AV$3,AH365>=$AW$3,AI365>=$AX$3),1,0))) -> 1 | AK365: =SUM(AJ$2:$AJ365) -> 364
A366: 上衣 | B366: 7_106666 | C366: 寻踪觅宝·逸群衣 | D366: 30200 | E366: 寻踪觅宝·逸群衣(30200速无) | F366: 16580 | G366: 1353 | I366: 3072 | J366: 0 | K366: 0 | L366: 0 | M366: 0 | N366: 9044 | O366: 11304 | P366: 0 | R366: 0 | S366: 0 | T366: 速无 | U366: 6 | V366: 挖宝 | W366: 会心孔 | X366: 破招孔 | Z366: 1 | AA366: =IF(AND(D366>=配装计算器!$I$29,D366<=配装计算器!$I$30),1,0) -> 1 | AB366: =IF(J366>0,1,0) -> 0 | AC366: =IF(K366>0,1,0) -> 0 | AD366: =IF(L366>0,1,0) -> 0 | AE366: =IF(M366>0,1,0) -> 0 | AF366: =IF(N366>0,1,0) -> 1 | AG366: =IF(O366>0,1,0) -> 1 | AH366: =IF(P366>0,1,0) -> 0 | AI366: =IF(COUNTIF(T366,"*"&"精简"&"*")>0,1,0) -> 0 | AJ366: =MIN(1,AA366*($AY$2+IF(AND(AB366>=$AQ$3,AC366>=$AR$3,AD366>=$AS$3,AE366>=$AT$3,AF366>=$AU$3,AG366>=$AV$3,AH366>=$AW$3,AI366>=$AX$3),1,0))) -> 1 | AK366: =SUM(AJ$2:$AJ366) -> 365
... A587: 腰坠 | B587: 8_49010 | C587: 陶然意·烟峦佩 | D587: 42400 | E587: 陶然意·烟峦佩(42400会全) | F587: 11639 | G587: 882 | I587: 1438 | J587: 7936 | K587: 0 | L587: 0 | M587: 0 | N587: 0 | O587: 0 | P587: 3174 | R587: 0 | S587: 0 | T587: 会全 | U587: 6 | V587: PVX | W587: 全能孔 | X587: 全能孔 | Z587: 2 | AA587: =IF(AND(D587>=配装计算器!$I$29,D587<=配装计算器!$I$30),1,0) -> 1 | AB587: =IF(J587>0,1,0) -> 1 | AC587: =IF(K587>0,1,0) -> 0 | AD587: =IF(L587>0,1,0) -> 0 | AE587: =IF(M587>0,1,0) -> 0 | AF587: =IF(N587>0,1,0) -> 0 | AG587: =IF(O587>0,1,0) -> 0 | AH587: =IF(P587>0,1,0) -> 1 | AI587: =IF(COUNTIF(T587,"*"&"精简"&"*")>0,1,0) -> 0 | AJ587: =MIN(1,AA587*($AY$2+IF(AND(AB587>=$AQ$3,AC587>=$AR$3,AD587>=$AS$3,AE587>=$AT$3,AF587>=$AU$3,AG587>=$AV$3,AH587>=$AW$3,AI587>=$AX$3),1,0))) -> 1 | AK587: =SUM(AJ$2:$AJ587) -> 586
A588: 重剑 | B588: 6_40177 | C588: 寂夜听雷 | D588: 21375 | E588: 寂夜听雷(21375大橙武) | F588: 15647 | G588: 1277 | I588: 6191 | J588: 9246 | K588: 0 | L588: 7112 | M588: 0 | N588: 0 | O588: 3556 | P588: 0 | R588: 7366 | S588: 12277 | T588: 大橙武 | U588: 8 | V588: 任务 | W588: 攻击孔 | X588: 身法孔 | Y588: 破防孔 | Z588: 3 | AA588: =IF(AND(D588>=配装计算器!$I$29,D588<=配装计算器!$I$30),1,0) -> 1 | AB588: =IF(J588>0,1,0) -> 1 | AC588: =IF(K588>0,1,0) -> 0 | AD588: =IF(L588>0,1,0) -> 1 | AE588: =IF(M588>0,1,0) -> 0 | AF588: =IF(N588>0,1,0) -> 0 | AG588: =IF(O588>0,1,0) -> 1 | AH588: =IF(P588>0,1,0) -> 0 | AI588: =IF(COUNTIF(T588,"*"&"精简"&"*")>0,1,0) -> 0 | AJ588: =MIN(1,AA588*($AY$2+IF(AND(AB588>=$AQ$3,AC588>=$AR$3,AD588>=$AS$3,AE588>=$AT$3,AF588>=$AU$3,AG588>=$AV$3,AH588>=$AW$3,AI588>=$AX$3),1,0))) -> 1 | AK588: =SUM(AJ$2:$AJ588) -> 587
A589: 重剑 | B589: 6_40209 | C589: 寂夜听雷 | D589: 22875 | E589: 寂夜听雷(22875大橙武) | F589: 16744 | G589: 1366 | I589: 6626 | J589: 9894 | K589: 0 | L589: 7611 | M589: 0 | N589: 0 | O589: 3806 | P589: 0 | R589: 7883 | S589: 13139 | T589: 大橙武 | U589: 8 | V589: 任务 | W589: 攻击孔 | X589: 身法孔 | Y589: 破防孔 | Z589: 3 | AA589: =IF(AND(D589>=配装计算器!$I$29,D589<=配装计算器!$I$30),1,0) -> 1 | AB589: =IF(J589>0,1,0) -> 1 | AC589: =IF(K589>0,1,0) -> 0 | AD589: =IF(L589>0,1,0) -> 1 | AE589: =IF(M589>0,1,0) -> 0 | AF589: =IF(N589>0,1,0) -> 0 | AG589: =IF(O589>0,1,0) -> 1 | AH589: =IF(P589>0,1,0) -> 0 | AI589: =IF(COUNTIF(T589,"*"&"精简"&"*")>0,1,0) -> 0 | AJ589: =MIN(1,AA589*($AY$2+IF(AND(AB589>=$AQ$3,AC589>=$AR$3,AD589>=$AS$3,AE589>=$AT$3,AF589>=$AU$3,AG589>=$AV$3,AH589>=$AW$3,AI589>=$AX$3),1,0))) -> 1 | AK589: =SUM(AJ$2:$AJ589) -> 588
A590: 重剑 | B590: 6_40241 | C590: 寂夜听雷 | D590: 24375 | E590: 寂夜听雷(24375大橙武) | F590: 17843 | G590: 1456 | I590: 7060 | J590: 10543 | K590: 0 | L590: 8110 | M590: 0 | N590: 0 | O590: 4055 | P590: 0 | R590: 8400 | S590: 14000 | T590: 大橙武 | U590: 8 | V590: 任务 | W590: 攻击孔 | X590: 身法孔 | Y590: 破防孔 | Z590: 3 | AA590: =IF(AND(D590>=配装计算器!$I$29,D590<=配装计算器!$I$30),1,0) -> 1 | AB590: =IF(J590>0,1,0) -> 1 | AC590: =IF(K590>0,1,0) -> 0 | AD590: =IF(L590>0,1,0) -> 1 | AE590: =IF(M590>0,1,0) -> 0 | AF590: =IF(N590>0,1,0) -> 0 | AG590: =IF(O590>0,1,0) -> 1 | AH590: =IF(P590>0,1,0) -> 0 | AI590: =IF(COUNTIF(T590,"*"&"精简"&"*")>0,1,0) -> 0 | AJ590: =MIN(1,AA590*($AY$2+IF(AND(AB590>=$AQ$3,AC590>=$AR$3,AD590>=$AS$3,AE590>=$AT$3,AF590>=$AU$3,AG590>=$AV$3,AH590>=$AW$3,AI590>=$AX$3),1,0))) -> 1 | AK590: =SUM(AJ$2:$AJ590) -> 589
A591: 重剑 | B591: 6_44117 | C591: 白夜火·归 | D591: 24500 | E591: 白夜火·归(24500小橙武) | F591: 17934 | G591: 1463 | I591: 7096 | J591: 10597 | K591: 0 | L591: 8152 | M591: 0 | N591: 0 | O591: 4076 | P591: 0 | R591: 8443 | S591: 14072 | T591: 小橙武 | U591: 8 | V591: 神兵试炼 | W591: 攻击孔 | X591: 身法孔 | Y591: 破防孔 | Z591: 3 | AA591: =IF(AND(D591>=配装计算器!$I$29,D591<=配装计算器!$I$30),1,0) -> 1 | AB591: =IF(J591>0,1,0) -> 1 | AC591: =IF(K591>0,1,0) -> 0 | AD591: =IF(L591>0,1,0) -> 1 | AE591: =IF(M591>0,1,0) -> 0 | AF591: =IF(N591>0,1,0) -> 0 | AG591: =IF(O591>0,1,0) -> 1 | AH591: =IF(P591>0,1,0) -> 0 | AI591: =IF(COUNTIF(T591,"*"&"精简"&"*")>0,1,0) -> 0 | AJ591: =MIN(1,AA591*($AY$2+IF(AND(AB591>=$AQ$3,AC591>=$AR$3,AD591>=$AS$3,AE591>=$AT$3,AF591>=$AU$3,AG591>=$AV$3,AH591>=$AW$3,AI591>=$AX$3),1,0))) -> 1 | AK591: =SUM(AJ$2:$AJ591) -> 590
A592: 重剑 | B592: 6_40273 | C592: 寂夜听雷 | D592: 25940 | E592: 寂夜听雷(25940大橙武) | F592: 18988 | G592: 1549 | I592: 7513 | J592: 11220 | K592: 0 | L592: 8631 | M592: 0 | N592: 0 | O592: 4315 | P592: 0 | R592: 8940 | S592: 14900 | T592: 大橙武 | U592: 8 | V592: 任务 | W592: 攻击孔 | X592: 身法孔 | Y592: 破防孔 | Z592: 3 | AA592: =IF(AND(D592>=配装计算器!$I$29,D592<=配装计算器!$I$30),1,0) -> 1 | AB592: =IF(J592>0,1,0) -> 1 | AC592: =IF(K592>0,1,0) -> 0 | AD592: =IF(L592>0,1,0) -> 1 | AE592: =IF(M592>0,1,0) -> 0 | AF592: =IF(N592>0,1,0) -> 0 | AG592: =IF(O592>0,1,0) -> 1 | AH592: =IF(P592>0,1,0) -> 0 | AI592: =IF(COUNTIF(T592,"*"&"精简"&"*")>0,1,0) -> 0 | AJ592: =MIN(1,AA592*($AY$2+IF(AND(AB592>=$AQ$3,AC592>=$AR$3,AD592>=$AS$3,AE592>=$AT$3,AF592>=$AU$3,AG592>=$AV$3,AH592>=$AW$3,AI592>=$AX$3),1,0))) -> 1 | AK592: =SUM(AJ$2:$AJ592) -> 591
A593: 重剑 | B593: 6_44150 | C593: 白夜火·归 | D593: 27000 | E593: 白夜火·归(27000小橙武) | F593: 19764 | G593: 1612 | I593: 7820 | J593: 11679 | K593: 0 | L593: 8984 | M593: 0 | N593: 0 | O593: 4492 | P593: 0 | R593: 9305 | S593: 15508 | T593: 小橙武 | U593: 8 | V593: 神兵试炼 | W593: 攻击孔 | X593: 身法孔 | Y593: 破防孔 | Z593: 3 | AA593: =IF(AND(D593>=配装计算器!$I$29,D593<=配装计算器!$I$30),1,0) -> 1 | AB593: =IF(J593>0,1,0) -> 1 | AC593: =IF(K593>0,1,0) -> 0 | AD593: =IF(L593>0,1,0) -> 1 | AE593: =IF(M593>0,1,0) -> 0 | AF593: =IF(N593>0,1,0) -> 0 | AG593: =IF(O593>0,1,0) -> 1 | AH593: =IF(P593>0,1,0) -> 0 | AI593: =IF(COUNTIF(T593,"*"&"精简"&"*")>0,1,0) -> 0 | AJ593: =MIN(1,AA593*($AY$2+IF(AND(AB593>=$AQ$3,AC593>=$AR$3,AD593>=$AS$3,AE593>=$AT$3,AF593>=$AU$3,AG593>=$AV$3,AH593>=$AW$3,AI593>=$AX$3),1,0))) -> 1 | AK593: =SUM(AJ$2:$AJ593) -> 592
A594: 重剑 | B594: 6_40305 | C594: 寂夜听雷 | D594: 27500 | E594: 寂夜听雷(27500大橙武) | F594: 20130 | G594: 1642 | I594: 7965 | J594: 11895 | K594: 0 | L594: 9150 | M594: 0 | N594: 0 | O594: 4575 | P594: 0 | R594: 9478 | S594: 15796 | T594: 大橙武 | U594: 8 | V594: 任务 | W594: 攻击孔 | X594: 身法孔 | Y594: 破防孔 | Z594: 3 | AA594: =IF(AND(D594>=配装计算器!$I$29,D594<=配装计算器!$I$30),1,0) -> 1 | AB594: =IF(J594>0,1,0) -> 1 | AC594: =IF(K594>0,1,0) -> 0 | AD594: =IF(L594>0,1,0) -> 1 | AE594: =IF(M594>0,1,0) -> 0 | AF594: =IF(N594>0,1,0) -> 0 | AG594: =IF(O594>0,1,0) -> 1 | AH594: =IF(P594>0,1,0) -> 0 | AI594: =IF(COUNTIF(T594,"*"&"精简"&"*")>0,1,0) -> 0 | AJ594: =MIN(1,AA594*($AY$2+IF(AND(AB594>=$AQ$3,AC594>=$AR$3,AD594>=$AS$3,AE594>=$AT$3,AF594>=$AU$3,AG594>=$AV$3,AH594>=$AW$3,AI594>=$AX$3),1,0))) -> 1 | AK594: =SUM(AJ$2:$AJ594) -> 593
A595: 重剑 | B595: 6_44183 | C595: 白夜火·归 | D595: 29500 | E595: 白夜火·归(29500小橙武) | F595: 21594 | G595: 1762 | I595: 8544 | J595: 12760 | K595: 0 | L595: 9815 | M595: 0 | N595: 0 | O595: 4908 | P595: 0 | R595: 10167 | S595: 16945 | T595: 小橙武 | U595: 8 | V595: 神兵试炼 | W595: 攻击孔 | X595: 身法孔 | Y595: 破防孔 | Z595: 3 | AA595: =IF(AND(D595>=配装计算器!$I$29,D595<=配装计算器!$I$30),1,0) -> 1 | AB595: =IF(J595>0,1,0) -> 1 | AC595: =IF(K595>0,1,0) -> 0 | AD595: =IF(L595>0,1,0) -> 1 | AE595: =IF(M595>0,1,0) -> 0 | AF595: =IF(N595>0,1,0) -> 0 | AG595: =IF(O595>0,1,0) -> 1 | AH595: =IF(P595>0,1,0) -> 0 | AI595: =IF(COUNTIF(T595,"*"&"精简"&"*")>0,1,0) -> 0 | AJ595: =MIN(1,AA595*($AY$2+IF(AND(AB595>=$AQ$3,AC595>=$AR$3,AD595>=$AS$3,AE595>=$AT$3,AF595>=$AU$3,AG595>=$AV$3,AH595>=$AW$3,AI595>=$AX$3),1,0))) -> 1 | AK595: =SUM(AJ$2:$AJ595) -> 594
A596: 重剑 | B596: 6_42124 | C596: 寂夜听雷 | D596: 29575 | E596: 寂夜听雷(29575大橙武) | F596: 21649 | G596: 1766 | I596: 8566 | J596: 12793 | K596: 0 | L596: 9840 | M596: 0 | N596: 0 | O596: 4920 | P596: 0 | R596: 10193 | S596: 16988 | T596: 大橙武 | U596: 8 | V596: 任务 | W596: 攻击孔 | X596: 身法孔 | Y596: 破防孔 | Z596: 3 | AA596: =IF(AND(D596>=配装计算器!$I$29,D596<=配装计算器!$I$30),1,0) -> 1 | AB596: =IF(J596>0,1,0) -> 1 | AC596: =IF(K596>0,1,0) -> 0 | AD596: =IF(L596>0,1,0) -> 1 | AE596: =IF(M596>0,1,0) -> 0 | AF596: =IF(N596>0,1,0) -> 0 | AG596: =IF(O596>0,1,0) -> 1 | AH596: =IF(P596>0,1,0) -> 0 | AI596: =IF(COUNTIF(T596,"*"&"精简"&"*")>0,1,0) -> 0 | AJ596: =MIN(1,AA596*($AY$2+IF(AND(AB596>=$AQ$3,AC596>=$AR$3,AD596>=$AS$3,AE596>=$AT$3,AF596>=$AU$3,AG596>=$AV$3,AH596>=$AW$3,AI596>=$AX$3),1,0))) -> 1 | AK596: =SUM(AJ$2:$AJ596) -> 595
A597: 重剑 | B597: 6_43659 | C597: 别意重剑 | D597: 30200 | E597: 别意重剑(30200速全) | F597: 19896 | G597: 1507 | I597: 6889 | J597: 0 | K597: 0 | L597: 0 | M597: 0 | N597: 0 | O597: 13565 | P597: 5426 | R597: 9367 | S597: 15612 | T597: 速全 | U597: 6 | V597: 副本 | W597: 破防孔 | X597: 攻击孔 | Y597: 全能孔 | Z597: 2 | AA597: =IF(AND(D597>=配装计算器!$I$29,D597<=配装计算器!$I$30),1,0) -> 1 | AB597: =IF(J597>0,1,0) -> 0 | AC597: =IF(K597>0,1,0) -> 0 | AD597: =IF(L597>0,1,0) -> 0 | AE597: =IF(M597>0,1,0) -> 0 | AF597: =IF(N597>0,1,0) -> 0 | AG597: =IF(O597>0,1,0) -> 1 | AH597: =IF(P597>0,1,0) -> 1 | AI597: =IF(COUNTIF(T597,"*"&"精简"&"*")>0,1,0) -> 0 | AJ597: =MIN(1,AA597*($AY$2+IF(AND(AB597>=$AQ$3,AC597>=$AR$3,AD597>=$AS$3,AE597>=$AT$3,AF597>=$AU$3,AG597>=$AV$3,AH597>=$AW$3,AI597>=$AX$3),1,0))) -> 1 | AK597: =SUM(AJ$2:$AJ597) -> 596
A598: 重剑 | B598: 6_43621 | C598: 揽尽重剑 | D598: 30200 | E598: 揽尽重剑(30200破全) | F598: 19896 | G598: 1507 | I598: 6889 | J598: 0 | K598: 0 | L598: 13565 | M598: 0 | N598: 0 | O598: 0 | P598: 5426 | R598: 9367 | S598: 15612 | T598: 破全 | U598: 6 | V598: 副本 | W598: 身法孔 | X598: 破防孔 | Y598: 全能孔 | Z598: 2 | AA598: =IF(AND(D598>=配装计算器!$I$29,D598<=配装计算器!$I$30),1,0) -> 1 | AB598: =IF(J598>0,1,0) -> 0 | AC598: =IF(K598>0,1,0) -> 0 | AD598: =IF(L598>0,1,0) -> 1 | AE598: =IF(M598>0,1,0) -> 0 | AF598: =IF(N598>0,1,0) -> 0 | AG598: =IF(O598>0,1,0) -> 0 | AH598: =IF(P598>0,1,0) -> 1 | AI598: =IF(COUNTIF(T598,"*"&"精简"&"*")>0,1,0) -> 0 | AJ598: =MIN(1,AA598*($AY$2+IF(AND(AB598>=$AQ$3,AC598>=$AR$3,AD598>=$AS$3,AE598>=$AT$3,AF598>=$AU$3,AG598>=$AV$3,AH598>=$AW$3,AI598>=$AX$3),1,0))) -> 1 | AK598: =SUM(AJ$2:$AJ598) -> 597
A599: 重剑 | B599: 6_45651 | C599: 臻泽重剑·外 | D599: 30200 | E599: 臻泽重剑·外(30200破全) | F599: 19896 | G599: 1507 | I599: 6889 | J599: 0 | K599: 0 | L599: 13565 | M599: 0 | N599: 0 | O599: 0 | P599: 5426 | R599: 9367 | S599: 15612 | T599: 破全 | U599: 6 | V599: 活动 | W599: 身法孔 | X599: 破防孔 | Y599: 全能孔 | Z599: 2 | AA599: =IF(AND(D599>=配装计算器!$I$29,D599<=配装计算器!$I$30),1,0) -> 1 | AB599: =IF(J599>0,1,0) -> 0 | AC599: =IF(K599>0,1,0) -> 0 | AD599: =IF(L599>0,1,0) -> 1 | AE599: =IF(M599>0,1,0) -> 0 | AF599: =IF(N599>0,1,0) -> 0 | AG599: =IF(O599>0,1,0) -> 0 | AH599: =IF(P599>0,1,0) -> 1 | AI599: =IF(COUNTIF(T599,"*"&"精简"&"*")>0,1,0) -> 0 | AJ599: =MIN(1,AA599*($AY$2+IF(AND(AB599>=$AQ$3,AC599>=$AR$3,AD599>=$AS$3,AE599>=$AT$3,AF599>=$AU$3,AG599>=$AV$3,AH599>=$AW$3,AI599>=$AX$3),1,0))) -> 1 | AK599: =SUM(AJ$2:$AJ599) -> 598
... A636: 重剑 | B636: 6_45316 | C636: 寂夜听雷 | D636: 42500 | E636: 寂夜听雷(42500大橙武) | F636: 31110 | G636: 2538 | I636: 12310 | J636: 18383 | K636: 0 | L636: 14141 | M636: 0 | N636: 0 | O636: 7070 | P636: 0 | R636: 14648 | S636: 24413 | T636: 大橙武 | U636: 8 | V636: 任务 | W636: 攻击孔 | X636: 身法孔 | Y636: 破防孔 | Z636: 3 | AA636: =IF(AND(D636>=配装计算器!$I$29,D636<=配装计算器!$I$30),1,0) -> 1 | AB636: =IF(J636>0,1,0) -> 1 | AC636: =IF(K636>0,1,0) -> 0 | AD636: =IF(L636>0,1,0) -> 1 | AE636: =IF(M636>0,1,0) -> 0 | AF636: =IF(N636>0,1,0) -> 0 | AG636: =IF(O636>0,1,0) -> 1 | AH636: =IF(P636>0,1,0) -> 0 | AI636: =IF(COUNTIF(T636,"*"&"精简"&"*")>0,1,0) -> 0 | AJ636: =MIN(1,AA636*($AY$2+IF(AND(AB636>=$AQ$3,AC636>=$AR$3,AD636>=$AS$3,AE636>=$AT$3,AF636>=$AU$3,AG636>=$AV$3,AH636>=$AW$3,AI636>=$AX$3),1,0))) -> 1 | AK636: =SUM(AJ$2:$AJ636) -> 635

Sheet 装备选择
A1: 部位 | B1: 装备ID | C1: 显示名称 | E1: 0 | G1: =ROW() -> 1 | H1: 暗器 | I1: =MATCH(H1,$A$2:$A$2001,0) -> 1 | J1: =COUNTIF($A$2:$A$2665,H1) -> 41 | M1: 部位 | N1: 选择 | O1: 精炼等级 | P1: 最大精炼等级 | Q1: 实际精炼等级 | R1: 孔1 | S1: 孔2 | T1: 孔3 | U1: 来源 | V1: 体质 | W1: 身法 | X1: 力道 | Y1: 攻击 | Z1: 会心 | AA1: 会效 | AB1: 破防 | AC1: 破招 | AD1: 无双 | AE1: 加速 | AF1: 全能 | AG1: 御劲 | AH1: 武器伤害 | AI1: 武器伤害2 | AJ1: 精炼体质 | AK1: 精炼身法 | AL1: 精炼力道 | AM1: 精炼攻击 | AN1: 精炼会心 | AO1: 精炼会效 | AP1: 精炼破防 | AQ1: 精炼破招 | AR1: 精炼无双 | AS1: 精炼加速 | AT1: 精炼全能 | AU1: 精炼御劲 | AV1: ="最终"&V1 -> 最终体质 | AW1: ="最终"&W1 -> 最终身法 | AX1: ="最终"&X1 -> 最终力道 | AY1: ="最终"&Y1 -> 最终攻击 | AZ1: ="最终"&Z1 -> 最终会心 | BA1: ="最终"&AA1 -> 最终会效 | BB1: ="最终"&AB1 -> 最终破防 | BC1: ="最终"&AC1 -> 最终破招 | ... BI1: ="最终"&AI1 -> 最终武器伤害2 | BJ1: 装备等级 | BK1: 品质系数 | BL1: 装备系数 | BM1: 装备分数 | BN1: 精炼分数
A2: =IFERROR(INDEX(装备库!$A$2:$E$2022,MATCH(ROW()-1,装备库!$AK$2:$AK$2022,0),COLUMN()),"") -> 暗器 | B2: =IFERROR(INDEX(装备库!$A$2:$E$2022,MATCH(ROW()-1,装备库!$AK$2:$AK$2022,0),COLUMN()),"") -> 6_43603 | C2: =IFERROR(INDEX(装备库!$A$2:$E$2022,MATCH(ROW()-1,装备库!$AK$2:$AK$2022,0),5),"") -> 智渊囊(30200破全) | E2: 1 | G2: =ROW() -> 2 | H2: 护手 | I2: =IFERROR(MATCH(H2,$A$2:$A$2000,0),I1) -> 42 | J2: =COUNTIF($A$2:$A$2665,H2) -> 75 | M2: 帽子 | N2: =配装计算器!C2 -> 无修冠·外·天(41400特效精简会无) | O2: =IFERROR(1*$N$20,配装计算器!C3) -> 6 | P2: =IFERROR(INDEX(装备库!$A$1:$Z$2022,MATCH($N2,装备库!$E$1:$E$2022,0),COLUMN(装备库!$U$1)),0) -> 6 | Q2: =MIN(O2,P2) -> 6 | R2: =IF(IFERROR(INDEX(装备库!$A$1:$Z$2022,MATCH($N2,装备库!$E$1:$E$2022,0),COLUMN(装备库!W$1)),"")=0,"",IFERROR(INDEX(装备库!$A$1:$Z$2022,MATCH($N2,装备库!$E$1:$E$2022,0),COLUMN(装备库!W$1)),"")) -> 攻击孔 | S2: =IF(IFERROR(INDEX(装备库!$A$1:$Z$2022,MATCH($N2,装备库!$E$1:$E$2022,0),COLUMN(装备库!X$1)),"")=0,"",IFERROR(INDEX(装备库!$A$1:$Z$2022,MATCH($N2,装备库!$E$1:$E$2022,0),COLUMN(装备库!X$1)),"")) -> 无双孔 | T2: =IF(IFERROR(INDEX(装备库!$A$1:$Z$2022,MATCH($N2,装备库!$E$1:$E$2022,0),COLUMN(装备库!Y$1)),"")=0,"",IFERROR(INDEX(装备库!$A$1:$Z$2022,MATCH($N2,装备库!$E$1:$E$2022,0),COLUMN(装备库!Y$1)),"")) | U2: =IFERROR(INDEX(装备库!$A$1:$Z$2022,MATCH($N2,装备库!$E$1:$E$2022,0),COLUMN(装备库!$V$1)),"") -> 活动 | V2: =IFERROR(INDEX(装备库!$A$1:$Z$2022,MATCH($N2,装备库!$E$1:$E$2022,0),COLUMN(装备库!F$1)),0) -> 20456 | W2: =IFERROR(INDEX(装备库!$A$1:$Z$2022,MATCH($N2,装备库!$E$1:$E$2022,0),COLUMN(装备库!G$1)),0) -> 0 | X2: =IFERROR(INDEX(装备库!$A$1:$Z$2022,MATCH($N2,装备库!$E$1:$E$2022,0),COLUMN(装备库!H$1)),0) -> 0 | Y2: =IFERROR(INDEX(装备库!$A$1:$Z$2022,MATCH($N2,装备库!$E$1:$E$2022,0),COLUMN(装备库!I$1)),0) -> 2527 | Z2: =IFERROR(INDEX(装备库!$A$1:$Z$2022,MATCH($N2,装备库!$E$1:$E$2022,0),COLUMN(装备库!J$1)),0) -> 36262 | AA2: =IFERROR(INDEX(装备库!$A$1:$Z$2022,MATCH($N2,装备库!$E$1:$E$2022,0),COLUMN(装备库!K$1)),0) -> 0 | AB2: =IFERROR(INDEX(装备库!$A$1:$Z$2022,MATCH($N2,装备库!$E$1:$E$2022,0),COLUMN(装备库!L$1)),0) -> 0 | AC2: =IFERROR(INDEX(装备库!$A$1:$Z$2022,MATCH($N2,装备库!$E$1:$E$2022,0),COLUMN(装备库!M$1)),0) -> 0 | ... AI2: =IFERROR(INDEX(装备库!$A$1:$Z$2022,MATCH($N2,装备库!$E$1:$E$2022,0),COLUMN(装备库!S$1)),0) -> 0 | AJ2: =ROUND(V2*(CHOOSE($Q2+1,1,1.005,1.013,1.024,1.038,1.055,1.075,1.098,1.124)-1),0) -> 1534 | AK2: =ROUND(W2*(CHOOSE($Q2+1,1,1.005,1.013,1.024,1.038,1.055,1.075,1.098,1.124)-1),0) -> 0 | AL2: =ROUND(X2*(CHOOSE($Q2+1,1,1.005,1.013,1.024,1.038,1.055,1.075,1.098,1.124)-1),0) -> 0 | AM2: =ROUND(Y2*(CHOOSE($Q2+1,1,1.005,1.013,1.024,1.038,1.055,1.075,1.098,1.124)-1),0) -> 190 | AN2: =ROUND(Z2*(CHOOSE($Q2+1,1,1.005,1.013,1.024,1.038,1.055,1.075,1.098,1.124)-1),0) -> 2720 | AO2: =ROUND(AA2*(CHOOSE($Q2+1,1,1.005,1.013,1.024,1.038,1.055,1.075,1.098,1.124)-1),0) -> 0 | AP2: =ROUND(AB2*(CHOOSE($Q2+1,1,1.005,1.013,1.024,1.038,1.055,1.075,1.098,1.124)-1),0) -> 0 | AQ2: =ROUND(AC2*(CHOOSE($Q2+1,1,1.005,1.013,1.024,1.038,1.055,1.075,1.098,1.124)-1),0) -> 0 | ... AU2: =ROUND(AG2*(CHOOSE($Q2+1,1,1.005,1.013,1.024,1.038,1.055,1.075,1.098,1.124)-1),0) -> 0 | AV2: =AJ2+V2 -> 21990 | AW2: =AK2+W2 -> 0 | AX2: =AL2+X2 -> 0 | AY2: =AM2+Y2 -> 2717 | AZ2: =AN2+Z2 -> 38982 | BA2: =AO2+AA2 -> 0 | BB2: =AP2+AB2 -> 0 | BC2: =AQ2+AC2 -> 0 | ... BG2: =AU2+AG2 -> 0 | BH2: =AH2 -> 0 | BI2: =AI2 -> 0 | BJ2: =IFERROR(INDEX(装备库!$A$1:$Z$2022,MATCH($N2,装备库!$E$1:$E$2022,0),COLUMN(装备库!$D$1)),0) -> 41400 | BK2: =IF(P2=8,2,1.8) -> 1.8 | BL2: 0.9 | BM2: =ROUND(BJ2*BK2*BL2,0) -> 67068 | BN2: =ROUND(BM2*(CHOOSE($Q2+1,1,1.005,1.013,1.024,1.038,1.055,1.075,1.098,1.124)-1),0) -> 5030
A3: =IFERROR(INDEX(装备库!$A$2:$E$2022,MATCH(ROW()-1,装备库!$AK$2:$AK$2022,0),COLUMN()),"") -> 暗器 | B3: =IFERROR(INDEX(装备库!$A$2:$E$2022,MATCH(ROW()-1,装备库!$AK$2:$AK$2022,0),COLUMN()),"") -> 6_43641 | C3: =IFERROR(INDEX(装备库!$A$2:$E$2022,MATCH(ROW()-1,装备库!$AK$2:$AK$2022,0),5),"") -> 镂云囊(30200会全) | E3: 2 | G3: =ROW() -> 3 | H3: 戒指 | I3: =IFERROR(MATCH(H3,$A$2:$A$2000,0),I2) -> 117 | J3: =COUNTIF($A$2:$A$2665,H3) -> 67 | M3: 上衣 | N3: =配装计算器!C7 -> 【门派套装】玄阙·燃炼衣(41400会无) | O3: =IFERROR(1*$N$20,配装计算器!C8) -> 6 | P3: =IFERROR(INDEX(装备库!$A$1:$Z$2022,MATCH($N3,装备库!$E$1:$E$2022,0),COLUMN(装备库!$U$1)),0) -> 6 | Q3: =MIN(O3,P3) -> 6 | R3: =IF(IFERROR(INDEX(装备库!$A$1:$Z$2022,MATCH($N3,装备库!$E$1:$E$2022,0),COLUMN(装备库!W$1)),"")=0,"",IFERROR(INDEX(装备库!$A$1:$Z$2022,MATCH($N3,装备库!$E$1:$E$2022,0),COLUMN(装备库!W$1)),"")) -> 会心孔 | S3: =IF(IFERROR(INDEX(装备库!$A$1:$Z$2022,MATCH($N3,装备库!$E$1:$E$2022,0),COLUMN(装备库!X$1)),"")=0,"",IFERROR(INDEX(装备库!$A$1:$Z$2022,MATCH($N3,装备库!$E$1:$E$2022,0),COLUMN(装备库!X$1)),"")) -> 会效孔 | T3: =IF(IFERROR(INDEX(装备库!$A$1:$Z$2022,MATCH($N3,装备库!$E$1:$E$2022,0),COLUMN(装备库!Y$1)),"")=0,"",IFERROR(INDEX(装备库!$A$1:$Z$2022,MATCH($N3,装备库!$E$1:$E$2022,0),COLUMN(装备库!Y$1)),"")) | U3: =IFERROR(INDEX(装备库!$A$1:$Z$2022,MATCH($N3,装备库!$E$1:$E$2022,0),COLUMN(装备库!$V$1)),"") -> 兑换牌 | V3: =IFERROR(INDEX(装备库!$A$1:$Z$2022,MATCH($N3,装备库!$E$1:$E$2022,0),COLUMN(装备库!F$1)),0) -> 22729 | W3: =IFERROR(INDEX(装备库!$A$1:$Z$2022,MATCH($N3,装备库!$E$1:$E$2022,0),COLUMN(装备库!G$1)),0) -> 1854 | X3: =IFERROR(INDEX(装备库!$A$1:$Z$2022,MATCH($N3,装备库!$E$1:$E$2022,0),COLUMN(装备库!H$1)),0) -> 0 | Y3: =IFERROR(INDEX(装备库!$A$1:$Z$2022,MATCH($N3,装备库!$E$1:$E$2022,0),COLUMN(装备库!I$1)),0) -> 4211 | Z3: =IFERROR(INDEX(装备库!$A$1:$Z$2022,MATCH($N3,装备库!$E$1:$E$2022,0),COLUMN(装备库!J$1)),0) -> 15497 | AA3: =IFERROR(INDEX(装备库!$A$1:$Z$2022,MATCH($N3,装备库!$E$1:$E$2022,0),COLUMN(装备库!K$1)),0) -> 0 | AB3: =IFERROR(INDEX(装备库!$A$1:$Z$2022,MATCH($N3,装备库!$E$1:$E$2022,0),COLUMN(装备库!L$1)),0) -> 0 | AC3: =IFERROR(INDEX(装备库!$A$1:$Z$2022,MATCH($N3,装备库!$E$1:$E$2022,0),COLUMN(装备库!M$1)),0) -> 0 | ... AI3: =IFERROR(INDEX(装备库!$A$1:$Z$2022,MATCH($N3,装备库!$E$1:$E$2022,0),COLUMN(装备库!S$1)),0) -> 0 | AJ3: =ROUND(V3*(CHOOSE($Q3+1,1,1.005,1.013,1.024,1.038,1.055,1.075,1.098,1.124)-1),0) -> 1705 | AK3: =ROUND(W3*(CHOOSE($Q3+1,1,1.005,1.013,1.024,1.038,1.055,1.075,1.098,1.124)-1),0) -> 139 | AL3: =ROUND(X3*(CHOOSE($Q3+1,1,1.005,1.013,1.024,1.038,1.055,1.075,1.098,1.124)-1),0) -> 0 | AM3: =ROUND(Y3*(CHOOSE($Q3+1,1,1.005,1.013,1.024,1.038,1.055,1.075,1.098,1.124)-1),0) -> 316 | AN3: =ROUND(Z3*(CHOOSE($Q3+1,1,1.005,1.013,1.024,1.038,1.055,1.075,1.098,1.124)-1),0) -> 1162 | AO3: =ROUND(AA3*(CHOOSE($Q3+1,1,1.005,1.013,1.024,1.038,1.055,1.075,1.098,1.124)-1),0) -> 0 | AP3: =ROUND(AB3*(CHOOSE($Q3+1,1,1.005,1.013,1.024,1.038,1.055,1.075,1.098,1.124)-1),0) -> 0 | AQ3: =ROUND(AC3*(CHOOSE($Q3+1,1,1.005,1.013,1.024,1.038,1.055,1.075,1.098,1.124)-1),0) -> 0 | ... AU3: =ROUND(AG3*(CHOOSE($Q3+1,1,1.005,1.013,1.024,1.038,1.055,1.075,1.098,1.124)-1),0) -> 0 | AV3: =AJ3+V3 -> 24434 | AW3: =AK3+W3 -> 1993 | AX3: =AL3+X3 -> 0 | AY3: =AM3+Y3 -> 4527 | AZ3: =AN3+Z3 -> 16659 | BA3: =AO3+AA3 -> 0 | BB3: =AP3+AB3 -> 0 | BC3: =AQ3+AC3 -> 0 | ... BG3: =AU3+AG3 -> 0 | BH3: =AH3 -> 0 | BI3: =AI3 -> 0 | BJ3: =IFERROR(INDEX(装备库!$A$1:$Z$2022,MATCH($N3,装备库!$E$1:$E$2022,0),COLUMN(装备库!$D$1)),0) -> 41400 | BK3: =IF(P3=8,2,1.8) -> 1.8 | BL3: 1 | BM3: =ROUND(BJ3*BK3*BL3,0) -> 74520 | BN3: =ROUND(BM3*(CHOOSE($Q3+1,1,1.005,1.013,1.024,1.038,1.055,1.075,1.098,1.124)-1),0) -> 5589
A4: =IFERROR(INDEX(装备库!$A$2:$E$2022,MATCH(ROW()-1,装备库!$AK$2:$AK$2022,0),COLUMN()),"") -> 暗器 | B4: =IFERROR(INDEX(装备库!$A$2:$E$2022,MATCH(ROW()-1,装备库!$AK$2:$AK$2022,0),COLUMN()),"") -> 6_45633 | C4: =IFERROR(INDEX(装备库!$A$2:$E$2022,MATCH(ROW()-1,装备库!$AK$2:$AK$2022,0),5),"") -> 臻泽囊(30200会全) | E4: 3 | G4: =ROW() -> 4 | H4: 裤子 | I4: =IFERROR(MATCH(H4,$A$2:$A$2000,0),I3) -> 184 | J4: =COUNTIF($A$2:$A$2665,H4) -> 75 | M4: 腰带 | N4: =配装计算器!C12 -> 凌月游(41400特效精简破无) | O4: =IFERROR(1*$N$20,配装计算器!C13) -> 6 | P4: =IFERROR(INDEX(装备库!$A$1:$Z$2022,MATCH($N4,装备库!$E$1:$E$2022,0),COLUMN(装备库!$U$1)),0) -> 6 | Q4: =MIN(O4,P4) -> 6 | R4: =IF(IFERROR(INDEX(装备库!$A$1:$Z$2022,MATCH($N4,装备库!$E$1:$E$2022,0),COLUMN(装备库!W$1)),"")=0,"",IFERROR(INDEX(装备库!$A$1:$Z$2022,MATCH($N4,装备库!$E$1:$E$2022,0),COLUMN(装备库!W$1)),"")) -> 破防孔 | S4: =IF(IFERROR(INDEX(装备库!$A$1:$Z$2022,MATCH($N4,装备库!$E$1:$E$2022,0),COLUMN(装备库!X$1)),"")=0,"",IFERROR(INDEX(装备库!$A$1:$Z$2022,MATCH($N4,装备库!$E$1:$E$2022,0),COLUMN(装备库!X$1)),"")) -> 攻击孔 | T4: =IF(IFERROR(INDEX(装备库!$A$1:$Z$2022,MATCH($N4,装备库!$E$1:$E$2022,0),COLUMN(装备库!Y$1)),"")=0,"",IFERROR(INDEX(装备库!$A$1:$Z$2022,MATCH($N4,装备库!$E$1:$E$2022,0),COLUMN(装备库!Y$1)),"")) | U4: =IFERROR(INDEX(装备库!$A$1:$Z$2022,MATCH($N4,装备库!$E$1:$E$2022,0),COLUMN(装备库!$V$1)),"") -> 副本 | V4: =IFERROR(INDEX(装备库!$A$1:$Z$2022,MATCH($N4,装备库!$E$1:$E$2022,0),COLUMN(装备库!F$1)),0) -> 15910 | W4: =IFERROR(INDEX(装备库!$A$1:$Z$2022,MATCH($N4,装备库!$E$1:$E$2022,0),COLUMN(装备库!G$1)),0) -> 0 | X4: =IFERROR(INDEX(装备库!$A$1:$Z$2022,MATCH($N4,装备库!$E$1:$E$2022,0),COLUMN(装备库!H$1)),0) -> 0 | Y4: =IFERROR(INDEX(装备库!$A$1:$Z$2022,MATCH($N4,装备库!$E$1:$E$2022,0),COLUMN(装备库!I$1)),0) -> 1965 | Z4: =IFERROR(INDEX(装备库!$A$1:$Z$2022,MATCH($N4,装备库!$E$1:$E$2022,0),COLUMN(装备库!J$1)),0) -> 0 | AA4: =IFERROR(INDEX(装备库!$A$1:$Z$2022,MATCH($N4,装备库!$E$1:$E$2022,0),COLUMN(装备库!K$1)),0) -> 0 | AB4: =IFERROR(INDEX(装备库!$A$1:$Z$2022,MATCH($N4,装备库!$E$1:$E$2022,0),COLUMN(装备库!L$1)),0) -> 28204 | AC4: =IFERROR(INDEX(装备库!$A$1:$Z$2022,MATCH($N4,装备库!$E$1:$E$2022,0),COLUMN(装备库!M$1)),0) -> 0 | ... AI4: =IFERROR(INDEX(装备库!$A$1:$Z$2022,MATCH($N4,装备库!$E$1:$E$2022,0),COLUMN(装备库!S$1)),0) -> 0 | AJ4: =ROUND(V4*(CHOOSE($Q4+1,1,1.005,1.013,1.024,1.038,1.055,1.075,1.098,1.124)-1),0) -> 1193 | AK4: =ROUND(W4*(CHOOSE($Q4+1,1,1.005,1.013,1.024,1.038,1.055,1.075,1.098,1.124)-1),0) -> 0 | AL4: =ROUND(X4*(CHOOSE($Q4+1,1,1.005,1.013,1.024,1.038,1.055,1.075,1.098,1.124)-1),0) -> 0 | AM4: =ROUND(Y4*(CHOOSE($Q4+1,1,1.005,1.013,1.024,1.038,1.055,1.075,1.098,1.124)-1),0) -> 147 | AN4: =ROUND(Z4*(CHOOSE($Q4+1,1,1.005,1.013,1.024,1.038,1.055,1.075,1.098,1.124)-1),0) -> 0 | AO4: =ROUND(AA4*(CHOOSE($Q4+1,1,1.005,1.013,1.024,1.038,1.055,1.075,1.098,1.124)-1),0) -> 0 | AP4: =ROUND(AB4*(CHOOSE($Q4+1,1,1.005,1.013,1.024,1.038,1.055,1.075,1.098,1.124)-1),0) -> 2115 | AQ4: =ROUND(AC4*(CHOOSE($Q4+1,1,1.005,1.013,1.024,1.038,1.055,1.075,1.098,1.124)-1),0) -> 0 | ... AU4: =ROUND(AG4*(CHOOSE($Q4+1,1,1.005,1.013,1.024,1.038,1.055,1.075,1.098,1.124)-1),0) -> 0 | AV4: =AJ4+V4 -> 17103 | AW4: =AK4+W4 -> 0 | AX4: =AL4+X4 -> 0 | AY4: =AM4+Y4 -> 2112 | AZ4: =AN4+Z4 -> 0 | BA4: =AO4+AA4 -> 0 | BB4: =AP4+AB4 -> 30319 | BC4: =AQ4+AC4 -> 0 | ... BG4: =AU4+AG4 -> 0 | BH4: =AH4 -> 0 | BI4: =AI4 -> 0 | BJ4: =IFERROR(INDEX(装备库!$A$1:$Z$2022,MATCH($N4,装备库!$E$1:$E$2022,0),COLUMN(装备库!$D$1)),0) -> 41400 | BK4: =IF(P4=8,2,1.8) -> 1.8 | BL4: 0.7 | BM4: =ROUND(BJ4*BK4*BL4,0) -> 52164 | BN4: =ROUND(BM4*(CHOOSE($Q4+1,1,1.005,1.013,1.024,1.038,1.055,1.075,1.098,1.124)-1),0) -> 3912
A5: =IFERROR(INDEX(装备库!$A$2:$E$2022,MATCH(ROW()-1,装备库!$AK$2:$AK$2022,0),COLUMN()),"") -> 暗器 | B5: =IFERROR(INDEX(装备库!$A$2:$E$2022,MATCH(ROW()-1,装备库!$AK$2:$AK$2022,0),COLUMN()),"") -> 6_43372 | C5: =IFERROR(INDEX(装备库!$A$2:$E$2022,MATCH(ROW()-1,装备库!$AK$2:$AK$2022,0),5),"") -> 孤城惊梦·迷烟囊(30200会无) | E5: 4 | G5: =ROW() -> 5 | H5: 帽子 | I5: =IFERROR(MATCH(H5,$A$2:$A$2000,0),I4) -> 259 | J5: =COUNTIF($A$2:$A$2665,H5) -> 46 | M5: 护手 | N5: =配装计算器!I2 -> 野渡护腕·引(41400精简招无) | O5: =IFERROR(1*$N$20,配装计算器!I3) -> 6 | P5: =IFERROR(INDEX(装备库!$A$1:$Z$2022,MATCH($N5,装备库!$E$1:$E$2022,0),COLUMN(装备库!$U$1)),0) -> 6 | Q5: =MIN(O5,P5) -> 6 | R5: =IF(IFERROR(INDEX(装备库!$A$1:$Z$2022,MATCH($N5,装备库!$E$1:$E$2022,0),COLUMN(装备库!W$1)),"")=0,"",IFERROR(INDEX(装备库!$A$1:$Z$2022,MATCH($N5,装备库!$E$1:$E$2022,0),COLUMN(装备库!W$1)),"")) -> 破招孔 | S5: =IF(IFERROR(INDEX(装备库!$A$1:$Z$2022,MATCH($N5,装备库!$E$1:$E$2022,0),COLUMN(装备库!X$1)),"")=0,"",IFERROR(INDEX(装备库!$A$1:$Z$2022,MATCH($N5,装备库!$E$1:$E$2022,0),COLUMN(装备库!X$1)),"")) -> 无双孔 | T5: =IF(IFERROR(INDEX(装备库!$A$1:$Z$2022,MATCH($N5,装备库!$E$1:$E$2022,0),COLUMN(装备库!Y$1)),"")=0,"",IFERROR(INDEX(装备库!$A$1:$Z$2022,MATCH($N5,装备库!$E$1:$E$2022,0),COLUMN(装备库!Y$1)),"")) | U5: =IFERROR(INDEX(装备库!$A$1:$Z$2022,MATCH($N5,装备库!$E$1:$E$2022,0),COLUMN(装备库!$V$1)),"") -> 副本 | V5: =IFERROR(INDEX(装备库!$A$1:$Z$2022,MATCH($N5,装备库!$E$1:$E$2022,0),COLUMN(装备库!F$1)),0) -> 15910 | W5: =IFERROR(INDEX(装备库!$A$1:$Z$2022,MATCH($N5,装备库!$E$1:$E$2022,0),COLUMN(装备库!G$1)),0) -> 0 | X5: =IFERROR(INDEX(装备库!$A$1:$Z$2022,MATCH($N5,装备库!$E$1:$E$2022,0),COLUMN(装备库!H$1)),0) -> 0 | Y5: =IFERROR(INDEX(装备库!$A$1:$Z$2022,MATCH($N5,装备库!$E$1:$E$2022,0),COLUMN(装备库!I$1)),0) -> 3931 | Z5: =IFERROR(INDEX(装备库!$A$1:$Z$2022,MATCH($N5,装备库!$E$1:$E$2022,0),COLUMN(装备库!J$1)),0) -> 0 | AA5: =IFERROR(INDEX(装备库!$A$1:$Z$2022,MATCH($N5,装备库!$E$1:$E$2022,0),COLUMN(装备库!K$1)),0) -> 0 | AB5: =IFERROR(INDEX(装备库!$A$1:$Z$2022,MATCH($N5,装备库!$E$1:$E$2022,0),COLUMN(装备库!L$1)),0) -> 0 | AC5: =IFERROR(INDEX(装备库!$A$1:$Z$2022,MATCH($N5,装备库!$E$1:$E$2022,0),COLUMN(装备库!M$1)),0) -> 20611 | ... AI5: =IFERROR(INDEX(装备库!$A$1:$Z$2022,MATCH($N5,装备库!$E$1:$E$2022,0),COLUMN(装备库!S$1)),0) -> 0 | AJ5: =ROUND(V5*(CHOOSE($Q5+1,1,1.005,1.013,1.024,1.038,1.055,1.075,1.098,1.124)-1),0) -> 1193 | AK5: =ROUND(W5*(CHOOSE($Q5+1,1,1.005,1.013,1.024,1.038,1.055,1.075,1.098,1.124)-1),0) -> 0 | AL5: =ROUND(X5*(CHOOSE($Q5+1,1,1.005,1.013,1.024,1.038,1.055,1.075,1.098,1.124)-1),0) -> 0 | AM5: =ROUND(Y5*(CHOOSE($Q5+1,1,1.005,1.013,1.024,1.038,1.055,1.075,1.098,1.124)-1),0) -> 295 | AN5: =ROUND(Z5*(CHOOSE($Q5+1,1,1.005,1.013,1.024,1.038,1.055,1.075,1.098,1.124)-1),0) -> 0 | AO5: =ROUND(AA5*(CHOOSE($Q5+1,1,1.005,1.013,1.024,1.038,1.055,1.075,1.098,1.124)-1),0) -> 0 | AP5: =ROUND(AB5*(CHOOSE($Q5+1,1,1.005,1.013,1.024,1.038,1.055,1.075,1.098,1.124)-1),0) -> 0 | AQ5: =ROUND(AC5*(CHOOSE($Q5+1,1,1.005,1.013,1.024,1.038,1.055,1.075,1.098,1.124)-1),0) -> 1546 | ... AU5: =ROUND(AG5*(CHOOSE($Q5+1,1,1.005,1.013,1.024,1.038,1.055,1.075,1.098,1.124)-1),0) -> 0 | AV5: =AJ5+V5 -> 17103 | AW5: =AK5+W5 -> 0 | AX5: =AL5+X5 -> 0 | AY5: =AM5+Y5 -> 4226 | AZ5: =AN5+Z5 -> 0 | BA5: =AO5+AA5 -> 0 | BB5: =AP5+AB5 -> 0 | BC5: =AQ5+AC5 -> 22157 | ... BG5: =AU5+AG5 -> 0 | BH5: =AH5 -> 0 | BI5: =AI5 -> 0 | BJ5: =IFERROR(INDEX(装备库!$A$1:$Z$2022,MATCH($N5,装备库!$E$1:$E$2022,0),COLUMN(装备库!$D$1)),0) -> 41400 | BK5: =IF(P5=8,2,1.8) -> 1.8 | BL5: 0.7 | BM5: =ROUND(BJ5*BK5*BL5,0) -> 52164 | BN5: =ROUND(BM5*(CHOOSE($Q5+1,1,1.005,1.013,1.024,1.038,1.055,1.075,1.098,1.124)-1),0) -> 3912
A6: =IFERROR(INDEX(装备库!$A$2:$E$2022,MATCH(ROW()-1,装备库!$AK$2:$AK$2022,0),COLUMN()),"") -> 暗器 | B6: =IFERROR(INDEX(装备库!$A$2:$E$2022,MATCH(ROW()-1,装备库!$AK$2:$AK$2022,0),COLUMN()),"") -> 6_40579 | C6: =IFERROR(INDEX(装备库!$A$2:$E$2022,MATCH(ROW()-1,装备库!$AK$2:$AK$2022,0),5),"") -> 羽缀囊(30200招无) | E6: 5 | G6: =ROW() -> 6 | H6: 轻剑 | I6: =IFERROR(MATCH(H6,$A$2:$A$2000,0),I5) -> 305 | J6: =COUNTIF($A$2:$A$2665,H6) -> 49 | M6: 裤子 | N6: =配装计算器!I7 -> 停日裤·明(41400精简会招无) | O6: =IFERROR(1*$N$20,配装计算器!I8) -> 6 | P6: =IFERROR(INDEX(装备库!$A$1:$Z$2022,MATCH($N6,装备库!$E$1:$E$2022,0),COLUMN(装备库!$U$1)),0) -> 6 | Q6: =MIN(O6,P6) -> 6 | R6: =IF(IFERROR(INDEX(装备库!$A$1:$Z$2022,MATCH($N6,装备库!$E$1:$E$2022,0),COLUMN(装备库!W$1)),"")=0,"",IFERROR(INDEX(装备库!$A$1:$Z$2022,MATCH($N6,装备库!$E$1:$E$2022,0),COLUMN(装备库!W$1)),"")) -> 会心孔 | S6: =IF(IFERROR(INDEX(装备库!$A$1:$Z$2022,MATCH($N6,装备库!$E$1:$E$2022,0),COLUMN(装备库!X$1)),"")=0,"",IFERROR(INDEX(装备库!$A$1:$Z$2022,MATCH($N6,装备库!$E$1:$E$2022,0),COLUMN(装备库!X$1)),"")) -> 无双孔 | T6: =IF(IFERROR(INDEX(装备库!$A$1:$Z$2022,MATCH($N6,装备库!$E$1:$E$2022,0),COLUMN(装备库!Y$1)),"")=0,"",IFERROR(INDEX(装备库!$A$1:$Z$2022,MATCH($N6,装备库!$E$1:$E$2022,0),COLUMN(装备库!Y$1)),"")) | U6: =IFERROR(INDEX(装备库!$A$1:$Z$2022,MATCH($N6,装备库!$E$1:$E$2022,0),COLUMN(装备库!$V$1)),"") -> 副本 | V6: =IFERROR(INDEX(装备库!$A$1:$Z$2022,MATCH($N6,装备库!$E$1:$E$2022,0),COLUMN(装备库!F$1)),0) -> 22729 | W6: =IFERROR(INDEX(装备库!$A$1:$Z$2022,MATCH($N6,装备库!$E$1:$E$2022,0),COLUMN(装备库!G$1)),0) -> 0 | X6: =IFERROR(INDEX(装备库!$A$1:$Z$2022,MATCH($N6,装备库!$E$1:$E$2022,0),COLUMN(装备库!H$1)),0) -> 0 | Y6: =IFERROR(INDEX(装备库!$A$1:$Z$2022,MATCH($N6,装备库!$E$1:$E$2022,0),COLUMN(装备库!I$1)),0) -> 8142 | Z6: =IFERROR(INDEX(装备库!$A$1:$Z$2022,MATCH($N6,装备库!$E$1:$E$2022,0),COLUMN(装备库!J$1)),0) -> 11364 | AA6: =IFERROR(INDEX(装备库!$A$1:$Z$2022,MATCH($N6,装备库!$E$1:$E$2022,0),COLUMN(装备库!K$1)),0) -> 0 | AB6: =IFERROR(INDEX(装备库!$A$1:$Z$2022,MATCH($N6,装备库!$E$1:$E$2022,0),COLUMN(装备库!L$1)),0) -> 0 | AC6: =IFERROR(INDEX(装备库!$A$1:$Z$2022,MATCH($N6,装备库!$E$1:$E$2022,0),COLUMN(装备库!M$1)),0) -> 11364 | ... AI6: =IFERROR(INDEX(装备库!$A$1:$Z$2022,MATCH($N6,装备库!$E$1:$E$2022,0),COLUMN(装备库!S$1)),0) -> 0 | AJ6: =ROUND(V6*(CHOOSE($Q6+1,1,1.005,1.013,1.024,1.038,1.055,1.075,1.098,1.124)-1),0) -> 1705 | AK6: =ROUND(W6*(CHOOSE($Q6+1,1,1.005,1.013,1.024,1.038,1.055,1.075,1.098,1.124)-1),0) -> 0 | AL6: =ROUND(X6*(CHOOSE($Q6+1,1,1.005,1.013,1.024,1.038,1.055,1.075,1.098,1.124)-1),0) -> 0 | AM6: =ROUND(Y6*(CHOOSE($Q6+1,1,1.005,1.013,1.024,1.038,1.055,1.075,1.098,1.124)-1),0) -> 611 | AN6: =ROUND(Z6*(CHOOSE($Q6+1,1,1.005,1.013,1.024,1.038,1.055,1.075,1.098,1.124)-1),0) -> 852 | AO6: =ROUND(AA6*(CHOOSE($Q6+1,1,1.005,1.013,1.024,1.038,1.055,1.075,1.098,1.124)-1),0) -> 0 | AP6: =ROUND(AB6*(CHOOSE($Q6+1,1,1.005,1.013,1.024,1.038,1.055,1.075,1.098,1.124)-1),0) -> 0 | AQ6: =ROUND(AC6*(CHOOSE($Q6+1,1,1.005,1.013,1.024,1.038,1.055,1.075,1.098,1.124)-1),0) -> 852 | ... AU6: =ROUND(AG6*(CHOOSE($Q6+1,1,1.005,1.013,1.024,1.038,1.055,1.075,1.098,1.124)-1),0) -> 0 | AV6: =AJ6+V6 -> 24434 | AW6: =AK6+W6 -> 0 | AX6: =AL6+X6 -> 0 | AY6: =AM6+Y6 -> 8753 | AZ6: =AN6+Z6 -> 12216 | BA6: =AO6+AA6 -> 0 | BB6: =AP6+AB6 -> 0 | BC6: =AQ6+AC6 -> 12216 | ... BG6: =AU6+AG6 -> 0 | BH6: =AH6 -> 0 | BI6: =AI6 -> 0 | BJ6: =IFERROR(INDEX(装备库!$A$1:$Z$2022,MATCH($N6,装备库!$E$1:$E$2022,0),COLUMN(装备库!$D$1)),0) -> 41400 | BK6: =IF(P6=8,2,1.8) -> 1.8 | BL6: 1 | BM6: =ROUND(BJ6*BK6*BL6,0) -> 74520 | BN6: =ROUND(BM6*(CHOOSE($Q6+1,1,1.005,1.013,1.024,1.038,1.055,1.075,1.098,1.124)-1),0) -> 5589
A7: =IFERROR(INDEX(装备库!$A$2:$E$2022,MATCH(ROW()-1,装备库!$AK$2:$AK$2022,0),COLUMN()),"") -> 暗器 | B7: =IFERROR(INDEX(装备库!$A$2:$E$2022,MATCH(ROW()-1,装备库!$AK$2:$AK$2022,0),COLUMN()),"") -> 6_41292 | C7: =IFERROR(INDEX(装备库!$A$2:$E$2022,MATCH(ROW()-1,装备库!$AK$2:$AK$2022,0),5),"") -> 焚膏继晷(30200招无) | E7: 6 | G7: =ROW() -> 7 | H7: 上衣 | I7: =IFERROR(MATCH(H7,$A$2:$A$2000,0),I6) -> 354 | J7: =COUNTIF($A$2:$A$2665,H7) -> 28 | M7: 鞋子 | N7: =配装计算器!I12 -> 【门派套装】玄阙·燃炼鞋(41400破无) | O7: =IFERROR(1*$N$20,配装计算器!I13) -> 6 | P7: =IFERROR(INDEX(装备库!$A$1:$Z$2022,MATCH($N7,装备库!$E$1:$E$2022,0),COLUMN(装备库!$U$1)),0) -> 6 | Q7: =MIN(O7,P7) -> 6 | R7: =IF(IFERROR(INDEX(装备库!$A$1:$Z$2022,MATCH($N7,装备库!$E$1:$E$2022,0),COLUMN(装备库!W$1)),"")=0,"",IFERROR(INDEX(装备库!$A$1:$Z$2022,MATCH($N7,装备库!$E$1:$E$2022,0),COLUMN(装备库!W$1)),"")) -> 攻击孔 | S7: =IF(IFERROR(INDEX(装备库!$A$1:$Z$2022,MATCH($N7,装备库!$E$1:$E$2022,0),COLUMN(装备库!X$1)),"")=0,"",IFERROR(INDEX(装备库!$A$1:$Z$2022,MATCH($N7,装备库!$E$1:$E$2022,0),COLUMN(装备库!X$1)),"")) -> 破防孔 | T7: =IF(IFERROR(INDEX(装备库!$A$1:$Z$2022,MATCH($N7,装备库!$E$1:$E$2022,0),COLUMN(装备库!Y$1)),"")=0,"",IFERROR(INDEX(装备库!$A$1:$Z$2022,MATCH($N7,装备库!$E$1:$E$2022,0),COLUMN(装备库!Y$1)),"")) | U7: =IFERROR(INDEX(装备库!$A$1:$Z$2022,MATCH($N7,装备库!$E$1:$E$2022,0),COLUMN(装备库!$V$1)),"") -> 兑换牌 | V7: =IFERROR(INDEX(装备库!$A$1:$Z$2022,MATCH($N7,装备库!$E$1:$E$2022,0),COLUMN(装备库!F$1)),0) -> 15910 | W7: =IFERROR(INDEX(装备库!$A$1:$Z$2022,MATCH($N7,装备库!$E$1:$E$2022,0),COLUMN(装备库!G$1)),0) -> 1298 | X7: =IFERROR(INDEX(装备库!$A$1:$Z$2022,MATCH($N7,装备库!$E$1:$E$2022,0),COLUMN(装备库!H$1)),0) -> 0 | Y7: =IFERROR(INDEX(装备库!$A$1:$Z$2022,MATCH($N7,装备库!$E$1:$E$2022,0),COLUMN(装备库!I$1)),0) -> 2948 | Z7: =IFERROR(INDEX(装备库!$A$1:$Z$2022,MATCH($N7,装备库!$E$1:$E$2022,0),COLUMN(装备库!J$1)),0) -> 0 | AA7: =IFERROR(INDEX(装备库!$A$1:$Z$2022,MATCH($N7,装备库!$E$1:$E$2022,0),COLUMN(装备库!K$1)),0) -> 0 | AB7: =IFERROR(INDEX(装备库!$A$1:$Z$2022,MATCH($N7,装备库!$E$1:$E$2022,0),COLUMN(装备库!L$1)),0) -> 10848 | AC7: =IFERROR(INDEX(装备库!$A$1:$Z$2022,MATCH($N7,装备库!$E$1:$E$2022,0),COLUMN(装备库!M$1)),0) -> 0 | ... AI7: =IFERROR(INDEX(装备库!$A$1:$Z$2022,MATCH($N7,装备库!$E$1:$E$2022,0),COLUMN(装备库!S$1)),0) -> 0 | AJ7: =ROUND(V7*(CHOOSE($Q7+1,1,1.005,1.013,1.024,1.038,1.055,1.075,1.098,1.124)-1),0) -> 1193 | AK7: =ROUND(W7*(CHOOSE($Q7+1,1,1.005,1.013,1.024,1.038,1.055,1.075,1.098,1.124)-1),0) -> 97 | AL7: =ROUND(X7*(CHOOSE($Q7+1,1,1.005,1.013,1.024,1.038,1.055,1.075,1.098,1.124)-1),0) -> 0 | AM7: =ROUND(Y7*(CHOOSE($Q7+1,1,1.005,1.013,1.024,1.038,1.055,1.075,1.098,1.124)-1),0) -> 221 | AN7: =ROUND(Z7*(CHOOSE($Q7+1,1,1.005,1.013,1.024,1.038,1.055,1.075,1.098,1.124)-1),0) -> 0 | AO7: =ROUND(AA7*(CHOOSE($Q7+1,1,1.005,1.013,1.024,1.038,1.055,1.075,1.098,1.124)-1),0) -> 0 | AP7: =ROUND(AB7*(CHOOSE($Q7+1,1,1.005,1.013,1.024,1.038,1.055,1.075,1.098,1.124)-1),0) -> 814 | AQ7: =ROUND(AC7*(CHOOSE($Q7+1,1,1.005,1.013,1.024,1.038,1.055,1.075,1.098,1.124)-1),0) -> 0 | ... AU7: =ROUND(AG7*(CHOOSE($Q7+1,1,1.005,1.013,1.024,1.038,1.055,1.075,1.098,1.124)-1),0) -> 0 | AV7: =AJ7+V7 -> 17103 | AW7: =AK7+W7 -> 1395 | AX7: =AL7+X7 -> 0 | AY7: =AM7+Y7 -> 3169 | AZ7: =AN7+Z7 -> 0 | BA7: =AO7+AA7 -> 0 | BB7: =AP7+AB7 -> 11662 | BC7: =AQ7+AC7 -> 0 | ... BG7: =AU7+AG7 -> 0 | BH7: =AH7 -> 0 | BI7: =AI7 -> 0 | BJ7: =IFERROR(INDEX(装备库!$A$1:$Z$2022,MATCH($N7,装备库!$E$1:$E$2022,0),COLUMN(装备库!$D$1)),0) -> 41400 | BK7: =IF(P7=8,2,1.8) -> 1.8 | BL7: 0.7 | BM7: =ROUND(BJ7*BK7*BL7,0) -> 52164 | BN7: =ROUND(BM7*(CHOOSE($Q7+1,1,1.005,1.013,1.024,1.038,1.055,1.075,1.098,1.124)-1),0) -> 3912
A8: =IFERROR(INDEX(装备库!$A$2:$E$2022,MATCH(ROW()-1,装备库!$AK$2:$AK$2022,0),COLUMN()),"") -> 暗器 | B8: =IFERROR(INDEX(装备库!$A$2:$E$2022,MATCH(ROW()-1,装备库!$AK$2:$AK$2022,0),COLUMN()),"") -> 6_40933 | C8: =IFERROR(INDEX(装备库!$A$2:$E$2022,MATCH(ROW()-1,装备库!$AK$2:$AK$2022,0),5),"") -> 润源囊(30200速无) | E8: 7 | G8: =ROW() -> 8 | H8: 项链 | I8: =IFERROR(MATCH(H8,$A$2:$A$2000,0),I7) -> 382 | J8: =COUNTIF($A$2:$A$2665,H8) -> 38 | M8: 项链 | N8: =配装计算器!C17 -> 无修链·外·地(35300特效精简破无) | O8: =IFERROR(1*$N$20,配装计算器!C18) -> 6 | P8: =IFERROR(INDEX(装备库!$A$1:$Z$2022,MATCH($N8,装备库!$E$1:$E$2022,0),COLUMN(装备库!$U$1)),0) -> 6 | Q8: =MIN(O8,P8) -> 6 | R8: =IF(IFERROR(INDEX(装备库!$A$1:$Z$2022,MATCH($N8,装备库!$E$1:$E$2022,0),COLUMN(装备库!W$1)),"")=0,"",IFERROR(INDEX(装备库!$A$1:$Z$2022,MATCH($N8,装备库!$E$1:$E$2022,0),COLUMN(装备库!W$1)),"")) -> 破招孔 | S8: =IF(IFERROR(INDEX(装备库!$A$1:$Z$2022,MATCH($N8,装备库!$E$1:$E$2022,0),COLUMN(装备库!X$1)),"")=0,"",IFERROR(INDEX(装备库!$A$1:$Z$2022,MATCH($N8,装备库!$E$1:$E$2022,0),COLUMN(装备库!X$1)),"")) -> 破招孔 | T8: =IF(IFERROR(INDEX(装备库!$A$1:$Z$2022,MATCH($N8,装备库!$E$1:$E$2022,0),COLUMN(装备库!Y$1)),"")=0,"",IFERROR(INDEX(装备库!$A$1:$Z$2022,MATCH($N8,装备库!$E$1:$E$2022,0),COLUMN(装备库!Y$1)),"")) | U8: =IFERROR(INDEX(装备库!$A$1:$Z$2022,MATCH($N8,装备库!$E$1:$E$2022,0),COLUMN(装备库!$V$1)),"") -> 活动 | V8: =IFERROR(INDEX(装备库!$A$1:$Z$2022,MATCH($N8,装备库!$E$1:$E$2022,0),COLUMN(装备库!F$1)),0) -> 9690 | W8: =IFERROR(INDEX(装备库!$A$1:$Z$2022,MATCH($N8,装备库!$E$1:$E$2022,0),COLUMN(装备库!G$1)),0) -> 0 | X8: =IFERROR(INDEX(装备库!$A$1:$Z$2022,MATCH($N8,装备库!$E$1:$E$2022,0),COLUMN(装备库!H$1)),0) -> 0 | Y8: =IFERROR(INDEX(装备库!$A$1:$Z$2022,MATCH($N8,装备库!$E$1:$E$2022,0),COLUMN(装备库!I$1)),0) -> 2873 | Z8: =IFERROR(INDEX(装备库!$A$1:$Z$2022,MATCH($N8,装备库!$E$1:$E$2022,0),COLUMN(装备库!J$1)),0) -> 0 | AA8: =IFERROR(INDEX(装备库!$A$1:$Z$2022,MATCH($N8,装备库!$E$1:$E$2022,0),COLUMN(装备库!K$1)),0) -> 0 | AB8: =IFERROR(INDEX(装备库!$A$1:$Z$2022,MATCH($N8,装备库!$E$1:$E$2022,0),COLUMN(装备库!L$1)),0) -> 4845 | AC8: =IFERROR(INDEX(装备库!$A$1:$Z$2022,MATCH($N8,装备库!$E$1:$E$2022,0),COLUMN(装备库!M$1)),0) -> 0 | ... AI8: =IFERROR(INDEX(装备库!$A$1:$Z$2022,MATCH($N8,装备库!$E$1:$E$2022,0),COLUMN(装备库!S$1)),0) -> 0 | AJ8: =ROUND(V8*(CHOOSE($Q8+1,1,1.005,1.013,1.024,1.038,1.055,1.075,1.098,1.124)-1),0) -> 727 | AK8: =ROUND(W8*(CHOOSE($Q8+1,1,1.005,1.013,1.024,1.038,1.055,1.075,1.098,1.124)-1),0) -> 0 | AL8: =ROUND(X8*(CHOOSE($Q8+1,1,1.005,1.013,1.024,1.038,1.055,1.075,1.098,1.124)-1),0) -> 0 | AM8: =ROUND(Y8*(CHOOSE($Q8+1,1,1.005,1.013,1.024,1.038,1.055,1.075,1.098,1.124)-1),0) -> 215 | AN8: =ROUND(Z8*(CHOOSE($Q8+1,1,1.005,1.013,1.024,1.038,1.055,1.075,1.098,1.124)-1),0) -> 0 | AO8: =ROUND(AA8*(CHOOSE($Q8+1,1,1.005,1.013,1.024,1.038,1.055,1.075,1.098,1.124)-1),0) -> 0 | AP8: =ROUND(AB8*(CHOOSE($Q8+1,1,1.005,1.013,1.024,1.038,1.055,1.075,1.098,1.124)-1),0) -> 363 | AQ8: =ROUND(AC8*(CHOOSE($Q8+1,1,1.005,1.013,1.024,1.038,1.055,1.075,1.098,1.124)-1),0) -> 0 | ... AU8: =ROUND(AG8*(CHOOSE($Q8+1,1,1.005,1.013,1.024,1.038,1.055,1.075,1.098,1.124)-1),0) -> 0 | AV8: =AJ8+V8 -> 10417 | AW8: =AK8+W8 -> 0 | AX8: =AL8+X8 -> 0 | AY8: =AM8+Y8 -> 3088 | AZ8: =AN8+Z8 -> 0 | BA8: =AO8+AA8 -> 0 | BB8: =AP8+AB8 -> 5208 | BC8: =AQ8+AC8 -> 0 | ... BG8: =AU8+AG8 -> 0 | BH8: =AH8 -> 0 | BI8: =AI8 -> 0 | BJ8: =IFERROR(INDEX(装备库!$A$1:$Z$2022,MATCH($N8,装备库!$E$1:$E$2022,0),COLUMN(装备库!$D$1)),0) -> 35300 | BK8: =IF(P8=8,2,1.8) -> 1.8 | BL8: 0.5 | BM8: =ROUND(BJ8*BK8*BL8,0) -> 31770 | BN8: =ROUND(BM8*(CHOOSE($Q8+1,1,1.005,1.013,1.024,1.038,1.055,1.075,1.098,1.124)-1),0) -> 2383
A9: =IFERROR(INDEX(装备库!$A$2:$E$2022,MATCH(ROW()-1,装备库!$AK$2:$AK$2022,0),COLUMN()),"") -> 暗器 | B9: =IFERROR(INDEX(装备库!$A$2:$E$2022,MATCH(ROW()-1,装备库!$AK$2:$AK$2022,0),COLUMN()),"") -> 6_41180 | C9: =IFERROR(INDEX(装备库!$A$2:$E$2022,MATCH(ROW()-1,装备库!$AK$2:$AK$2022,0),5),"") -> 问殿囊(30200速无) | E9: 8 | G9: =ROW() -> 9 | H9: 鞋子 | I9: =IFERROR(MATCH(H9,$A$2:$A$2000,0),I8) -> 420 | J9: =COUNTIF($A$2:$A$2665,H9) -> 43 | M9: 腰坠 | N9: =配装计算器!C21 -> 掠影凰(37900橙·特效破无) | O9: =IFERROR(1*$N$20,配装计算器!C22) -> 8 | P9: =IFERROR(INDEX(装备库!$A$1:$Z$2022,MATCH($N9,装备库!$E$1:$E$2022,0),COLUMN(装备库!$U$1)),0) -> 8 | Q9: =MIN(O9,P9) -> 8 | R9: =IF(IFERROR(INDEX(装备库!$A$1:$Z$2022,MATCH($N9,装备库!$E$1:$E$2022,0),COLUMN(装备库!W$1)),"")=0,"",IFERROR(INDEX(装备库!$A$1:$Z$2022,MATCH($N9,装备库!$E$1:$E$2022,0),COLUMN(装备库!W$1)),"")) -> 破防孔 | S9: =IF(IFERROR(INDEX(装备库!$A$1:$Z$2022,MATCH($N9,装备库!$E$1:$E$2022,0),COLUMN(装备库!X$1)),"")=0,"",IFERROR(INDEX(装备库!$A$1:$Z$2022,MATCH($N9,装备库!$E$1:$E$2022,0),COLUMN(装备库!X$1)),"")) -> 破防孔 | T9: =IF(IFERROR(INDEX(装备库!$A$1:$Z$2022,MATCH($N9,装备库!$E$1:$E$2022,0),COLUMN(装备库!Y$1)),"")=0,"",IFERROR(INDEX(装备库!$A$1:$Z$2022,MATCH($N9,装备库!$E$1:$E$2022,0),COLUMN(装备库!Y$1)),"")) | U9: =IFERROR(INDEX(装备库!$A$1:$Z$2022,MATCH($N9,装备库!$E$1:$E$2022,0),COLUMN(装备库!$V$1)),"") -> 副本 | V9: =IFERROR(INDEX(装备库!$A$1:$Z$2022,MATCH($N9,装备库!$E$1:$E$2022,0),COLUMN(装备库!F$1)),0) -> 11559 | W9: =IFERROR(INDEX(装备库!$A$1:$Z$2022,MATCH($N9,装备库!$E$1:$E$2022,0),COLUMN(装备库!G$1)),0) -> 943 | X9: =IFERROR(INDEX(装备库!$A$1:$Z$2022,MATCH($N9,装备库!$E$1:$E$2022,0),COLUMN(装备库!H$1)),0) -> 0 | Y9: =IFERROR(INDEX(装备库!$A$1:$Z$2022,MATCH($N9,装备库!$E$1:$E$2022,0),COLUMN(装备库!I$1)),0) -> 2142 | Z9: =IFERROR(INDEX(装备库!$A$1:$Z$2022,MATCH($N9,装备库!$E$1:$E$2022,0),COLUMN(装备库!J$1)),0) -> 0 | AA9: =IFERROR(INDEX(装备库!$A$1:$Z$2022,MATCH($N9,装备库!$E$1:$E$2022,0),COLUMN(装备库!K$1)),0) -> 0 | AB9: =IFERROR(INDEX(装备库!$A$1:$Z$2022,MATCH($N9,装备库!$E$1:$E$2022,0),COLUMN(装备库!L$1)),0) -> 7881 | AC9: =IFERROR(INDEX(装备库!$A$1:$Z$2022,MATCH($N9,装备库!$E$1:$E$2022,0),COLUMN(装备库!M$1)),0) -> 0 | ... AI9: =IFERROR(INDEX(装备库!$A$1:$Z$2022,MATCH($N9,装备库!$E$1:$E$2022,0),COLUMN(装备库!S$1)),0) -> 0 | AJ9: =ROUND(V9*(CHOOSE($Q9+1,1,1.005,1.013,1.024,1.038,1.055,1.075,1.098,1.124)-1),0) -> 1433 | AK9: =ROUND(W9*(CHOOSE($Q9+1,1,1.005,1.013,1.024,1.038,1.055,1.075,1.098,1.124)-1),0) -> 117 | AL9: =ROUND(X9*(CHOOSE($Q9+1,1,1.005,1.013,1.024,1.038,1.055,1.075,1.098,1.124)-1),0) -> 0 | AM9: =ROUND(Y9*(CHOOSE($Q9+1,1,1.005,1.013,1.024,1.038,1.055,1.075,1.098,1.124)-1),0) -> 266 | AN9: =ROUND(Z9*(CHOOSE($Q9+1,1,1.005,1.013,1.024,1.038,1.055,1.075,1.098,1.124)-1),0) -> 0 | AO9: =ROUND(AA9*(CHOOSE($Q9+1,1,1.005,1.013,1.024,1.038,1.055,1.075,1.098,1.124)-1),0) -> 0 | AP9: =ROUND(AB9*(CHOOSE($Q9+1,1,1.005,1.013,1.024,1.038,1.055,1.075,1.098,1.124)-1),0) -> 977 | AQ9: =ROUND(AC9*(CHOOSE($Q9+1,1,1.005,1.013,1.024,1.038,1.055,1.075,1.098,1.124)-1),0) -> 0 | ... AU9: =ROUND(AG9*(CHOOSE($Q9+1,1,1.005,1.013,1.024,1.038,1.055,1.075,1.098,1.124)-1),0) -> 0 | AV9: =AJ9+V9 -> 12992 | AW9: =AK9+W9 -> 1060 | AX9: =AL9+X9 -> 0 | AY9: =AM9+Y9 -> 2408 | AZ9: =AN9+Z9 -> 0 | BA9: =AO9+AA9 -> 0 | BB9: =AP9+AB9 -> 8858 | BC9: =AQ9+AC9 -> 0 | ... BG9: =AU9+AG9 -> 0 | BH9: =AH9 -> 0 | BI9: =AI9 -> 0 | BJ9: =IFERROR(INDEX(装备库!$A$1:$Z$2022,MATCH($N9,装备库!$E$1:$E$2022,0),COLUMN(装备库!$D$1)),0) -> 37900 | BK9: =IF(P9=8,2,1.8) -> 2 | BL9: 0.5 | BM9: =ROUND(BJ9*BK9*BL9,0) -> 37900 | BN9: =ROUND(BM9*(CHOOSE($Q9+1,1,1.005,1.013,1.024,1.038,1.055,1.075,1.098,1.124)-1),0) -> 4700
A10: =IFERROR(INDEX(装备库!$A$2:$E$2022,MATCH(ROW()-1,装备库!$AK$2:$AK$2022,0),COLUMN()),"") -> 暗器 | B10: =IFERROR(INDEX(装备库!$A$2:$E$2022,MATCH(ROW()-1,装备库!$AK$2:$AK$2022,0),COLUMN()),"") -> 6_40918 | C10: =IFERROR(INDEX(装备库!$A$2:$E$2022,MATCH(ROW()-1,装备库!$AK$2:$AK$2022,0),5),"") -> 平皋囊(30200破无) | G10: =ROW() -> 10 | H10: 腰带 | I10: =IFERROR(MATCH(H10,$A$2:$A$2000,0),I9) -> 463 | J10: =COUNTIF($A$2:$A$2665,H10) -> 72 | M10: 戒指1 | N10: =配装计算器!I17 -> 第一尊(35300特效精简会会招) | O10: =IFERROR(1*$N$20,配装计算器!I18) -> 6 | P10: =IFERROR(INDEX(装备库!$A$1:$Z$2022,MATCH($N10,装备库!$E$1:$E$2022,0),COLUMN(装备库!$U$1)),0) -> 6 | Q10: =MIN(O10,P10) -> 6 | R10: =IF(IFERROR(INDEX(装备库!$A$1:$Z$2022,MATCH($N10,装备库!$E$1:$E$2022,0),COLUMN(装备库!W$1)),"")=0,"",IFERROR(INDEX(装备库!$A$1:$Z$2022,MATCH($N10,装备库!$E$1:$E$2022,0),COLUMN(装备库!W$1)),"")) | S10: =IF(IFERROR(INDEX(装备库!$A$1:$Z$2022,MATCH($N10,装备库!$E$1:$E$2022,0),COLUMN(装备库!X$1)),"")=0,"",IFERROR(INDEX(装备库!$A$1:$Z$2022,MATCH($N10,装备库!$E$1:$E$2022,0),COLUMN(装备库!X$1)),"")) | T10: =IF(IFERROR(INDEX(装备库!$A$1:$Z$2022,MATCH($N10,装备库!$E$1:$E$2022,0),COLUMN(装备库!Y$1)),"")=0,"",IFERROR(INDEX(装备库!$A$1:$Z$2022,MATCH($N10,装备库!$E$1:$E$2022,0),COLUMN(装备库!Y$1)),"")) | U10: =IFERROR(INDEX(装备库!$A$1:$Z$2022,MATCH($N10,装备库!$E$1:$E$2022,0),COLUMN(装备库!$V$1)),"") -> 副本 | V10: =IFERROR(INDEX(装备库!$A$1:$Z$2022,MATCH($N10,装备库!$E$1:$E$2022,0),COLUMN(装备库!F$1)),0) -> 9690 | W10: =IFERROR(INDEX(装备库!$A$1:$Z$2022,MATCH($N10,装备库!$E$1:$E$2022,0),COLUMN(装备库!G$1)),0) -> 0 | X10: =IFERROR(INDEX(装备库!$A$1:$Z$2022,MATCH($N10,装备库!$E$1:$E$2022,0),COLUMN(装备库!H$1)),0) -> 0 | Y10: =IFERROR(INDEX(装备库!$A$1:$Z$2022,MATCH($N10,装备库!$E$1:$E$2022,0),COLUMN(装备库!I$1)),0) -> 3471 | Z10: =IFERROR(INDEX(装备库!$A$1:$Z$2022,MATCH($N10,装备库!$E$1:$E$2022,0),COLUMN(装备库!J$1)),0) -> 7928 | AA10: =IFERROR(INDEX(装备库!$A$1:$Z$2022,MATCH($N10,装备库!$E$1:$E$2022,0),COLUMN(装备库!K$1)),0) -> 3303 | AB10: =IFERROR(INDEX(装备库!$A$1:$Z$2022,MATCH($N10,装备库!$E$1:$E$2022,0),COLUMN(装备库!L$1)),0) -> 0 | AC10: =IFERROR(INDEX(装备库!$A$1:$Z$2022,MATCH($N10,装备库!$E$1:$E$2022,0),COLUMN(装备库!M$1)),0) -> 3303 | ... AI10: =IFERROR(INDEX(装备库!$A$1:$Z$2022,MATCH($N10,装备库!$E$1:$E$2022,0),COLUMN(装备库!S$1)),0) -> 0 | AJ10: =ROUND(V10*(CHOOSE($Q10+1,1,1.005,1.013,1.024,1.038,1.055,1.075,1.098,1.124)-1),0) -> 727 | AK10: =ROUND(W10*(CHOOSE($Q10+1,1,1.005,1.013,1.024,1.038,1.055,1.075,1.098,1.124)-1),0) -> 0 | AL10: =ROUND(X10*(CHOOSE($Q10+1,1,1.005,1.013,1.024,1.038,1.055,1.075,1.098,1.124)-1),0) -> 0 | AM10: =ROUND(Y10*(CHOOSE($Q10+1,1,1.005,1.013,1.024,1.038,1.055,1.075,1.098,1.124)-1),0) -> 260 | AN10: =ROUND(Z10*(CHOOSE($Q10+1,1,1.005,1.013,1.024,1.038,1.055,1.075,1.098,1.124)-1),0) -> 595 | AO10: =ROUND(AA10*(CHOOSE($Q10+1,1,1.005,1.013,1.024,1.038,1.055,1.075,1.098,1.124)-1),0) -> 248 | AP10: =ROUND(AB10*(CHOOSE($Q10+1,1,1.005,1.013,1.024,1.038,1.055,1.075,1.098,1.124)-1),0) -> 0 | AQ10: =ROUND(AC10*(CHOOSE($Q10+1,1,1.005,1.013,1.024,1.038,1.055,1.075,1.098,1.124)-1),0) -> 248 | ... AU10: =ROUND(AG10*(CHOOSE($Q10+1,1,1.005,1.013,1.024,1.038,1.055,1.075,1.098,1.124)-1),0) -> 0 | AV10: =AJ10+V10 -> 10417 | AW10: =AK10+W10 -> 0 | AX10: =AL10+X10 -> 0 | AY10: =AM10+Y10 -> 3731 | AZ10: =AN10+Z10 -> 8523 | BA10: =AO10+AA10 -> 3551 | BB10: =AP10+AB10 -> 0 | BC10: =AQ10+AC10 -> 3551 | ... BG10: =AU10+AG10 -> 0 | BH10: =AH10 -> 0 | BI10: =AI10 -> 0 | BJ10: =IFERROR(INDEX(装备库!$A$1:$Z$2022,MATCH($N10,装备库!$E$1:$E$2022,0),COLUMN(装备库!$D$1)),0) -> 35300 | BK10: =IF(P10=8,2,1.8) -> 1.8 | BL10: 0.5 | BM10: =ROUND(BJ10*BK10*BL10,0) -> 31770 | BN10: =ROUND(BM10*(CHOOSE($Q10+1,1,1.005,1.013,1.024,1.038,1.055,1.075,1.098,1.124)-1),0) -> 2383
A11: =IFERROR(INDEX(装备库!$A$2:$E$2022,MATCH(ROW()-1,装备库!$AK$2:$AK$2022,0),COLUMN()),"") -> 暗器 | B11: =IFERROR(INDEX(装备库!$A$2:$E$2022,MATCH(ROW()-1,装备库!$AK$2:$AK$2022,0),COLUMN()),"") -> 6_41220 | C11: =IFERROR(INDEX(装备库!$A$2:$E$2022,MATCH(ROW()-1,装备库!$AK$2:$AK$2022,0),5),"") -> 标雁囊(30200会无) | G11: =ROW() -> 11 | H11: 腰坠 | I11: =IFERROR(MATCH(H11,$A$2:$A$2000,0),I10) -> 535 | J11: =COUNTIF($A$2:$A$2665,H11) -> 52 | M11: 戒指2 | N11: =配装计算器!I21 -> 狂岚戒·明(41400精简会招无) | O11: =IFERROR(1*$N$20,配装计算器!I22) -> 6 | P11: =IFERROR(INDEX(装备库!$A$1:$Z$2022,MATCH($N11,装备库!$E$1:$E$2022,0),COLUMN(装备库!$U$1)),0) -> 6 | Q11: =MIN(O11,P11) -> 6 | R11: =IF(IFERROR(INDEX(装备库!$A$1:$Z$2022,MATCH($N11,装备库!$E$1:$E$2022,0),COLUMN(装备库!W$1)),"")=0,"",IFERROR(INDEX(装备库!$A$1:$Z$2022,MATCH($N11,装备库!$E$1:$E$2022,0),COLUMN(装备库!W$1)),"")) | S11: =IF(IFERROR(INDEX(装备库!$A$1:$Z$2022,MATCH($N11,装备库!$E$1:$E$2022,0),COLUMN(装备库!X$1)),"")=0,"",IFERROR(INDEX(装备库!$A$1:$Z$2022,MATCH($N11,装备库!$E$1:$E$2022,0),COLUMN(装备库!X$1)),"")) | T11: =IF(IFERROR(INDEX(装备库!$A$1:$Z$2022,MATCH($N11,装备库!$E$1:$E$2022,0),COLUMN(装备库!Y$1)),"")=0,"",IFERROR(INDEX(装备库!$A$1:$Z$2022,MATCH($N11,装备库!$E$1:$E$2022,0),COLUMN(装备库!Y$1)),"")) | U11: =IFERROR(INDEX(装备库!$A$1:$Z$2022,MATCH($N11,装备库!$E$1:$E$2022,0),COLUMN(装备库!$V$1)),"") -> 副本 | V11: =IFERROR(INDEX(装备库!$A$1:$Z$2022,MATCH($N11,装备库!$E$1:$E$2022,0),COLUMN(装备库!F$1)),0) -> 11364 | W11: =IFERROR(INDEX(装备库!$A$1:$Z$2022,MATCH($N11,装备库!$E$1:$E$2022,0),COLUMN(装备库!G$1)),0) -> 0 | X11: =IFERROR(INDEX(装备库!$A$1:$Z$2022,MATCH($N11,装备库!$E$1:$E$2022,0),COLUMN(装备库!H$1)),0) -> 0 | Y11: =IFERROR(INDEX(装备库!$A$1:$Z$2022,MATCH($N11,装备库!$E$1:$E$2022,0),COLUMN(装备库!I$1)),0) -> 4071 | Z11: =IFERROR(INDEX(装备库!$A$1:$Z$2022,MATCH($N11,装备库!$E$1:$E$2022,0),COLUMN(装备库!J$1)),0) -> 5682 | AA11: =IFERROR(INDEX(装备库!$A$1:$Z$2022,MATCH($N11,装备库!$E$1:$E$2022,0),COLUMN(装备库!K$1)),0) -> 0 | AB11: =IFERROR(INDEX(装备库!$A$1:$Z$2022,MATCH($N11,装备库!$E$1:$E$2022,0),COLUMN(装备库!L$1)),0) -> 0 | AC11: =IFERROR(INDEX(装备库!$A$1:$Z$2022,MATCH($N11,装备库!$E$1:$E$2022,0),COLUMN(装备库!M$1)),0) -> 5682 | ... AI11: =IFERROR(INDEX(装备库!$A$1:$Z$2022,MATCH($N11,装备库!$E$1:$E$2022,0),COLUMN(装备库!S$1)),0) -> 0 | AJ11: =ROUND(V11*(CHOOSE($Q11+1,1,1.005,1.013,1.024,1.038,1.055,1.075,1.098,1.124)-1),0) -> 852 | AK11: =ROUND(W11*(CHOOSE($Q11+1,1,1.005,1.013,1.024,1.038,1.055,1.075,1.098,1.124)-1),0) -> 0 | AL11: =ROUND(X11*(CHOOSE($Q11+1,1,1.005,1.013,1.024,1.038,1.055,1.075,1.098,1.124)-1),0) -> 0 | AM11: =ROUND(Y11*(CHOOSE($Q11+1,1,1.005,1.013,1.024,1.038,1.055,1.075,1.098,1.124)-1),0) -> 305 | AN11: =ROUND(Z11*(CHOOSE($Q11+1,1,1.005,1.013,1.024,1.038,1.055,1.075,1.098,1.124)-1),0) -> 426 | AO11: =ROUND(AA11*(CHOOSE($Q11+1,1,1.005,1.013,1.024,1.038,1.055,1.075,1.098,1.124)-1),0) -> 0 | AP11: =ROUND(AB11*(CHOOSE($Q11+1,1,1.005,1.013,1.024,1.038,1.055,1.075,1.098,1.124)-1),0) -> 0 | AQ11: =ROUND(AC11*(CHOOSE($Q11+1,1,1.005,1.013,1.024,1.038,1.055,1.075,1.098,1.124)-1),0) -> 426 | ... AU11: =ROUND(AG11*(CHOOSE($Q11+1,1,1.005,1.013,1.024,1.038,1.055,1.075,1.098,1.124)-1),0) -> 0 | AV11: =AJ11+V11 -> 12216 | AW11: =AK11+W11 -> 0 | AX11: =AL11+X11 -> 0 | AY11: =AM11+Y11 -> 4376 | AZ11: =AN11+Z11 -> 6108 | BA11: =AO11+AA11 -> 0 | BB11: =AP11+AB11 -> 0 | BC11: =AQ11+AC11 -> 6108 | ... BG11: =AU11+AG11 -> 0 | BH11: =AH11 -> 0 | BI11: =AI11 -> 0 | BJ11: =IFERROR(INDEX(装备库!$A$1:$Z$2022,MATCH($N11,装备库!$E$1:$E$2022,0),COLUMN(装备库!$D$1)),0) -> 41400 | BK11: =IF(P11=8,2,1.8) -> 1.8 | BL11: 0.5 | BM11: =ROUND(BJ11*BK11*BL11,0) -> 37260 | BN11: =ROUND(BM11*(CHOOSE($Q11+1,1,1.005,1.013,1.024,1.038,1.055,1.075,1.098,1.124)-1),0) -> 2795
A12: =IFERROR(INDEX(装备库!$A$2:$E$2022,MATCH(ROW()-1,装备库!$AK$2:$AK$2022,0),COLUMN()),"") -> 暗器 | B12: =IFERROR(INDEX(装备库!$A$2:$E$2022,MATCH(ROW()-1,装备库!$AK$2:$AK$2022,0),COLUMN()),"") -> 6_41354 | C12: =IFERROR(INDEX(装备库!$A$2:$E$2022,MATCH(ROW()-1,装备库!$AK$2:$AK$2022,0),5),"") -> 坠红囊(30200会无) | G12: =ROW() -> 12 | H12: 重剑 | I12: =IFERROR(MATCH(H12,$A$2:$A$2000,0),I11) -> 587 | J12: =COUNTIF($A$2:$A$2665,H12) -> 49 | M12: 暗器 | N12: =配装计算器!I25 -> 无修囊·外·天(38100特效精简招无) | O12: =IFERROR(1*$N$20,配装计算器!I26) -> 6 | P12: =IFERROR(INDEX(装备库!$A$1:$Z$2022,MATCH($N12,装备库!$E$1:$E$2022,0),COLUMN(装备库!$U$1)),0) -> 6 | Q12: =MIN(O12,P12) -> 6 | R12: =IF(IFERROR(INDEX(装备库!$A$1:$Z$2022,MATCH($N12,装备库!$E$1:$E$2022,0),COLUMN(装备库!W$1)),"")=0,"",IFERROR(INDEX(装备库!$A$1:$Z$2022,MATCH($N12,装备库!$E$1:$E$2022,0),COLUMN(装备库!W$1)),"")) -> 破招孔 | S12: =IF(IFERROR(INDEX(装备库!$A$1:$Z$2022,MATCH($N12,装备库!$E$1:$E$2022,0),COLUMN(装备库!X$1)),"")=0,"",IFERROR(INDEX(装备库!$A$1:$Z$2022,MATCH($N12,装备库!$E$1:$E$2022,0),COLUMN(装备库!X$1)),"")) | T12: =IF(IFERROR(INDEX(装备库!$A$1:$Z$2022,MATCH($N12,装备库!$E$1:$E$2022,0),COLUMN(装备库!Y$1)),"")=0,"",IFERROR(INDEX(装备库!$A$1:$Z$2022,MATCH($N12,装备库!$E$1:$E$2022,0),COLUMN(装备库!Y$1)),"")) | U12: =IFERROR(INDEX(装备库!$A$1:$Z$2022,MATCH($N12,装备库!$E$1:$E$2022,0),COLUMN(装备库!$V$1)),"") -> 活动 | V12: =IFERROR(INDEX(装备库!$A$1:$Z$2022,MATCH($N12,装备库!$E$1:$E$2022,0),COLUMN(装备库!F$1)),0) -> 12550 | W12: =IFERROR(INDEX(装备库!$A$1:$Z$2022,MATCH($N12,装备库!$E$1:$E$2022,0),COLUMN(装备库!G$1)),0) -> 0 | X12: =IFERROR(INDEX(装备库!$A$1:$Z$2022,MATCH($N12,装备库!$E$1:$E$2022,0),COLUMN(装备库!H$1)),0) -> 0 | Y12: =IFERROR(INDEX(装备库!$A$1:$Z$2022,MATCH($N12,装备库!$E$1:$E$2022,0),COLUMN(装备库!I$1)),0) -> 1550 | Z12: =IFERROR(INDEX(装备库!$A$1:$Z$2022,MATCH($N12,装备库!$E$1:$E$2022,0),COLUMN(装备库!J$1)),0) -> 0 | AA12: =IFERROR(INDEX(装备库!$A$1:$Z$2022,MATCH($N12,装备库!$E$1:$E$2022,0),COLUMN(装备库!K$1)),0) -> 0 | AB12: =IFERROR(INDEX(装备库!$A$1:$Z$2022,MATCH($N12,装备库!$E$1:$E$2022,0),COLUMN(装备库!L$1)),0) -> 0 | AC12: =IFERROR(INDEX(装备库!$A$1:$Z$2022,MATCH($N12,装备库!$E$1:$E$2022,0),COLUMN(装备库!M$1)),0) -> 22818 | ... AI12: =IFERROR(INDEX(装备库!$A$1:$Z$2022,MATCH($N12,装备库!$E$1:$E$2022,0),COLUMN(装备库!S$1)),0) -> 0 | AJ12: =ROUND(V12*(CHOOSE($Q12+1,1,1.005,1.013,1.024,1.038,1.055,1.075,1.098,1.124)-1),0) -> 941 | AK12: =ROUND(W12*(CHOOSE($Q12+1,1,1.005,1.013,1.024,1.038,1.055,1.075,1.098,1.124)-1),0) -> 0 | AL12: =ROUND(X12*(CHOOSE($Q12+1,1,1.005,1.013,1.024,1.038,1.055,1.075,1.098,1.124)-1),0) -> 0 | AM12: =ROUND(Y12*(CHOOSE($Q12+1,1,1.005,1.013,1.024,1.038,1.055,1.075,1.098,1.124)-1),0) -> 116 | AN12: =ROUND(Z12*(CHOOSE($Q12+1,1,1.005,1.013,1.024,1.038,1.055,1.075,1.098,1.124)-1),0) -> 0 | AO12: =ROUND(AA12*(CHOOSE($Q12+1,1,1.005,1.013,1.024,1.038,1.055,1.075,1.098,1.124)-1),0) -> 0 | AP12: =ROUND(AB12*(CHOOSE($Q12+1,1,1.005,1.013,1.024,1.038,1.055,1.075,1.098,1.124)-1),0) -> 0 | AQ12: =ROUND(AC12*(CHOOSE($Q12+1,1,1.005,1.013,1.024,1.038,1.055,1.075,1.098,1.124)-1),0) -> 1711 | ... AU12: =ROUND(AG12*(CHOOSE($Q12+1,1,1.005,1.013,1.024,1.038,1.055,1.075,1.098,1.124)-1),0) -> 0 | AV12: =AJ12+V12 -> 13491 | AW12: =AK12+W12 -> 0 | AX12: =AL12+X12 -> 0 | AY12: =AM12+Y12 -> 1666 | AZ12: =AN12+Z12 -> 0 | BA12: =AO12+AA12 -> 0 | BB12: =AP12+AB12 -> 0 | BC12: =AQ12+AC12 -> 24529 | ... BG12: =AU12+AG12 -> 0 | BH12: =AH12 -> 0 | BI12: =AI12 -> 0 | BJ12: =IFERROR(INDEX(装备库!$A$1:$Z$2022,MATCH($N12,装备库!$E$1:$E$2022,0),COLUMN(装备库!$D$1)),0) -> 38100 | BK12: =IF(P12=8,2,1.8) -> 1.8 | BL12: 0.6 | BM12: =ROUND(BJ12*BK12*BL12,0) -> 41148 | BN12: =ROUND(BM12*(CHOOSE($Q12+1,1,1.005,1.013,1.024,1.038,1.055,1.075,1.098,1.124)-1),0) -> 3086
A13: =IFERROR(INDEX(装备库!$A$2:$E$2022,MATCH(ROW()-1,装备库!$AK$2:$AK$2022,0),COLUMN()),"") -> 暗器 | B13: =IFERROR(INDEX(装备库!$A$2:$E$2022,MATCH(ROW()-1,装备库!$AK$2:$AK$2022,0),COLUMN()),"") -> 6_41348 | C13: =IFERROR(INDEX(装备库!$A$2:$E$2022,MATCH(ROW()-1,装备库!$AK$2:$AK$2022,0),5),"") -> 无修囊·外·玄(30200特效精简无) | G13: =ROW() -> 13 | H13: 结束 | I13: =MATCH("",$A$2:$A$2000,0)+1 -> 637 | M13: 轻剑 | N13: =配装计算器!C25 -> 伏魔悲音(42500大橙武) | O13: =IFERROR(1*$N$20,配装计算器!C27) -> 8 | P13: =IFERROR(INDEX(装备库!$A$1:$Z$2022,MATCH($N13,装备库!$E$1:$E$2022,0),COLUMN(装备库!$U$1)),0) -> 8 | Q13: =MIN(O13,P13) -> 8 | R13: =IF(IFERROR(INDEX(装备库!$A$1:$Z$2022,MATCH($N13,装备库!$E$1:$E$2022,0),COLUMN(装备库!W$1)),"")=0,"",IFERROR(INDEX(装备库!$A$1:$Z$2022,MATCH($N13,装备库!$E$1:$E$2022,0),COLUMN(装备库!W$1)),"")) -> 攻击孔 | S13: =IF(IFERROR(INDEX(装备库!$A$1:$Z$2022,MATCH($N13,装备库!$E$1:$E$2022,0),COLUMN(装备库!X$1)),"")=0,"",IFERROR(INDEX(装备库!$A$1:$Z$2022,MATCH($N13,装备库!$E$1:$E$2022,0),COLUMN(装备库!X$1)),"")) -> 身法孔 | T13: =IF(IFERROR(INDEX(装备库!$A$1:$Z$2022,MATCH($N13,装备库!$E$1:$E$2022,0),COLUMN(装备库!Y$1)),"")=0,"",IFERROR(INDEX(装备库!$A$1:$Z$2022,MATCH($N13,装备库!$E$1:$E$2022,0),COLUMN(装备库!Y$1)),"")) -> 破防孔 | U13: =IFERROR(INDEX(装备库!$A$1:$Z$2022,MATCH($N13,装备库!$E$1:$E$2022,0),COLUMN(装备库!$V$1)),"") -> 任务 | V13: =IFERROR(INDEX(装备库!$A$1:$Z$2022,MATCH($N13,装备库!$E$1:$E$2022,0),COLUMN(装备库!F$1)),0) -> 31110 | W13: =IFERROR(INDEX(装备库!$A$1:$Z$2022,MATCH($N13,装备库!$E$1:$E$2022,0),COLUMN(装备库!G$1)),0) -> 2538 | X13: =IFERROR(INDEX(装备库!$A$1:$Z$2022,MATCH($N13,装备库!$E$1:$E$2022,0),COLUMN(装备库!H$1)),0) -> 0 | Y13: =IFERROR(INDEX(装备库!$A$1:$Z$2022,MATCH($N13,装备库!$E$1:$E$2022,0),COLUMN(装备库!I$1)),0) -> 12310 | Z13: =IFERROR(INDEX(装备库!$A$1:$Z$2022,MATCH($N13,装备库!$E$1:$E$2022,0),COLUMN(装备库!J$1)),0) -> 18383 | AA13: =IFERROR(INDEX(装备库!$A$1:$Z$2022,MATCH($N13,装备库!$E$1:$E$2022,0),COLUMN(装备库!K$1)),0) -> 0 | AB13: =IFERROR(INDEX(装备库!$A$1:$Z$2022,MATCH($N13,装备库!$E$1:$E$2022,0),COLUMN(装备库!L$1)),0) -> 14141 | AC13: =IFERROR(INDEX(装备库!$A$1:$Z$2022,MATCH($N13,装备库!$E$1:$E$2022,0),COLUMN(装备库!M$1)),0) -> 0 | ... AI13: =IFERROR(INDEX(装备库!$A$1:$Z$2022,MATCH($N13,装备库!$E$1:$E$2022,0),COLUMN(装备库!S$1)),0) -> 15868 | AJ13: =ROUND(V13*(CHOOSE($Q13+1,1,1.005,1.013,1.024,1.038,1.055,1.075,1.098,1.124)-1),0) -> 3858 | AK13: =ROUND(W13*(CHOOSE($Q13+1,1,1.005,1.013,1.024,1.038,1.055,1.075,1.098,1.124)-1),0) -> 315 | AL13: =ROUND(X13*(CHOOSE($Q13+1,1,1.005,1.013,1.024,1.038,1.055,1.075,1.098,1.124)-1),0) -> 0 | AM13: =ROUND(Y13*(CHOOSE($Q13+1,1,1.005,1.013,1.024,1.038,1.055,1.075,1.098,1.124)-1),0) -> 1526 | AN13: =ROUND(Z13*(CHOOSE($Q13+1,1,1.005,1.013,1.024,1.038,1.055,1.075,1.098,1.124)-1),0) -> 2279 | AO13: =ROUND(AA13*(CHOOSE($Q13+1,1,1.005,1.013,1.024,1.038,1.055,1.075,1.098,1.124)-1),0) -> 0 | AP13: =ROUND(AB13*(CHOOSE($Q13+1,1,1.005,1.013,1.024,1.038,1.055,1.075,1.098,1.124)-1),0) -> 1753 | AQ13: =ROUND(AC13*(CHOOSE($Q13+1,1,1.005,1.013,1.024,1.038,1.055,1.075,1.098,1.124)-1),0) -> 0 | ... AU13: =ROUND(AG13*(CHOOSE($Q13+1,1,1.005,1.013,1.024,1.038,1.055,1.075,1.098,1.124)-1),0) -> 0 | AV13: =AJ13+V13 -> 34968 | AW13: =AK13+W13 -> 2853 | AX13: =AL13+X13 -> 0 | AY13: =AM13+Y13 -> 13836 | AZ13: =AN13+Z13 -> 20662 | BA13: =AO13+AA13 -> 0 | BB13: =AP13+AB13 -> 15894 | BC13: =AQ13+AC13 -> 0 | ... BG13: =AU13+AG13 -> 0 | BH13: =AH13 -> 9521 | BI13: =AI13 -> 15868 | BJ13: =IFERROR(INDEX(装备库!$A$1:$Z$2022,MATCH($N13,装备库!$E$1:$E$2022,0),COLUMN(装备库!$D$1)),0) -> 42500 | BK13: =IF(P13=8,2,1.8) -> 2 | BL13: 1.2 | BM13: =ROUND(BJ13*BK13*BL13,0) -> 102000 | BN13: =ROUND(BM13*(CHOOSE($Q13+1,1,1.005,1.013,1.024,1.038,1.055,1.075,1.098,1.124)-1),0) -> 12648 | BP13: 装备分数 | BQ13: 精炼分数 | BR13: 镶嵌与附魔分数 | BS13: 总分
A14: =IFERROR(INDEX(装备库!$A$2:$E$2022,MATCH(ROW()-1,装备库!$AK$2:$AK$2022,0),COLUMN()),"") -> 暗器 | B14: =IFERROR(INDEX(装备库!$A$2:$E$2022,MATCH(ROW()-1,装备库!$AK$2:$AK$2022,0),COLUMN()),"") -> 6_41349 | C14: =IFERROR(INDEX(装备库!$A$2:$E$2022,MATCH(ROW()-1,装备库!$AK$2:$AK$2022,0),5),"") -> 无修囊·外·玄(30200特效精简会招无) | M14: 重剑 | N14: =配装计算器!C26 -> 寂夜听雷(42500大橙武) | O14: =IFERROR(1*$N$20,配装计算器!C27) -> 8 | P14: =IFERROR(INDEX(装备库!$A$1:$Z$2022,MATCH($N14,装备库!$E$1:$E$2022,0),COLUMN(装备库!$U$1)),0) -> 8 | Q14: =MIN(O14,P14) -> 8 | R14: =IF(IFERROR(INDEX(装备库!$A$1:$Z$2022,MATCH($N14,装备库!$E$1:$E$2022,0),COLUMN(装备库!W$1)),"")=0,"",IFERROR(INDEX(装备库!$A$1:$Z$2022,MATCH($N14,装备库!$E$1:$E$2022,0),COLUMN(装备库!W$1)),"")) -> 攻击孔 | S14: =IF(IFERROR(INDEX(装备库!$A$1:$Z$2022,MATCH($N14,装备库!$E$1:$E$2022,0),COLUMN(装备库!X$1)),"")=0,"",IFERROR(INDEX(装备库!$A$1:$Z$2022,MATCH($N14,装备库!$E$1:$E$2022,0),COLUMN(装备库!X$1)),"")) -> 身法孔 | T14: =IF(IFERROR(INDEX(装备库!$A$1:$Z$2022,MATCH($N14,装备库!$E$1:$E$2022,0),COLUMN(装备库!Y$1)),"")=0,"",IFERROR(INDEX(装备库!$A$1:$Z$2022,MATCH($N14,装备库!$E$1:$E$2022,0),COLUMN(装备库!Y$1)),"")) -> 破防孔 | U14: =IFERROR(INDEX(装备库!$A$1:$Z$2022,MATCH($N14,装备库!$E$1:$E$2022,0),COLUMN(装备库!$V$1)),"") -> 任务 | V14: =IFERROR(INDEX(装备库!$A$1:$Z$2022,MATCH($N14,装备库!$E$1:$E$2022,0),COLUMN(装备库!F$1)),0) -> 31110 | W14: =IFERROR(INDEX(装备库!$A$1:$Z$2022,MATCH($N14,装备库!$E$1:$E$2022,0),COLUMN(装备库!G$1)),0) -> 2538 | X14: =IFERROR(INDEX(装备库!$A$1:$Z$2022,MATCH($N14,装备库!$E$1:$E$2022,0),COLUMN(装备库!H$1)),0) -> 0 | Y14: =IFERROR(INDEX(装备库!$A$1:$Z$2022,MATCH($N14,装备库!$E$1:$E$2022,0),COLUMN(装备库!I$1)),0) -> 12310 | Z14: =IFERROR(INDEX(装备库!$A$1:$Z$2022,MATCH($N14,装备库!$E$1:$E$2022,0),COLUMN(装备库!J$1)),0) -> 18383 | AA14: =IFERROR(INDEX(装备库!$A$1:$Z$2022,MATCH($N14,装备库!$E$1:$E$2022,0),COLUMN(装备库!K$1)),0) -> 0 | AB14: =IFERROR(INDEX(装备库!$A$1:$Z$2022,MATCH($N14,装备库!$E$1:$E$2022,0),COLUMN(装备库!L$1)),0) -> 14141 | AC14: =IFERROR(INDEX(装备库!$A$1:$Z$2022,MATCH($N14,装备库!$E$1:$E$2022,0),COLUMN(装备库!M$1)),0) -> 0 | ... AI14: =IFERROR(INDEX(装备库!$A$1:$Z$2022,MATCH($N14,装备库!$E$1:$E$2022,0),COLUMN(装备库!S$1)),0) -> 24413 | AJ14: =ROUND(V14*(CHOOSE($Q14+1,1,1.005,1.013,1.024,1.038,1.055,1.075,1.098,1.124)-1),0) -> 3858 | AK14: =ROUND(W14*(CHOOSE($Q14+1,1,1.005,1.013,1.024,1.038,1.055,1.075,1.098,1.124)-1),0) -> 315 | AL14: =ROUND(X14*(CHOOSE($Q14+1,1,1.005,1.013,1.024,1.038,1.055,1.075,1.098,1.124)-1),0) -> 0 | AM14: =ROUND(Y14*(CHOOSE($Q14+1,1,1.005,1.013,1.024,1.038,1.055,1.075,1.098,1.124)-1),0) -> 1526 | AN14: =ROUND(Z14*(CHOOSE($Q14+1,1,1.005,1.013,1.024,1.038,1.055,1.075,1.098,1.124)-1),0) -> 2279 | AO14: =ROUND(AA14*(CHOOSE($Q14+1,1,1.005,1.013,1.024,1.038,1.055,1.075,1.098,1.124)-1),0) -> 0 | AP14: =ROUND(AB14*(CHOOSE($Q14+1,1,1.005,1.013,1.024,1.038,1.055,1.075,1.098,1.124)-1),0) -> 1753 | AQ14: =ROUND(AC14*(CHOOSE($Q14+1,1,1.005,1.013,1.024,1.038,1.055,1.075,1.098,1.124)-1),0) -> 0 | ... AU14: =ROUND(AG14*(CHOOSE($Q14+1,1,1.005,1.013,1.024,1.038,1.055,1.075,1.098,1.124)-1),0) -> 0 | AV14: =AJ14+V14 -> 34968 | AW14: =AK14+W14 -> 2853 | AX14: =AL14+X14 -> 0 | AY14: =AM14+Y14 -> 13836 | AZ14: =AN14+Z14 -> 20662 | BA14: =AO14+AA14 -> 0 | BB14: =AP14+AB14 -> 15894 | BC14: =AQ14+AC14 -> 0 | ... BG14: =AU14+AG14 -> 0 | BH14: =AH14 -> 14648 | BI14: =AI14 -> 24413 | BJ14: =IFERROR(INDEX(装备库!$A$1:$Z$2022,MATCH($N14,装备库!$E$1:$E$2022,0),COLUMN(装备库!$D$1)),0) -> 42500 | BK14: =IF(P14=8,2,1.8) -> 2 | BL14: 1.2 | BM14: =ROUND(BJ14*BK14*BL14,0) -> 102000 | BN14: =ROUND(BM14*(CHOOSE($Q14+1,1,1.005,1.013,1.024,1.038,1.055,1.075,1.098,1.124)-1),0) -> 12648 | BP14: =SUM(BM2:BM12)+INT((BM13+BM14)/2) -> 654448 | BQ14: =SUM(BN2:BN12)+INT((BN13+BN14)/2) -> 55939 | BR14: =附魔库!AB17+镶嵌库!Z13+镶嵌库!Z14 -> 88244 | BS14: =BP14+BQ14+BR14 -> 798631
A15: =IFERROR(INDEX(装备库!$A$2:$E$2022,MATCH(ROW()-1,装备库!$AK$2:$AK$2022,0),COLUMN()),"") -> 暗器 | B15: =IFERROR(INDEX(装备库!$A$2:$E$2022,MATCH(ROW()-1,装备库!$AK$2:$AK$2022,0),COLUMN()),"") -> 6_41350 | C15: =IFERROR(INDEX(装备库!$A$2:$E$2022,MATCH(ROW()-1,装备库!$AK$2:$AK$2022,0),5),"") -> 无修囊·外·玄(30200特效精简会会无)
A16: =IFERROR(INDEX(装备库!$A$2:$E$2022,MATCH(ROW()-1,装备库!$AK$2:$AK$2022,0),COLUMN()),"") -> 暗器 | B16: =IFERROR(INDEX(装备库!$A$2:$E$2022,MATCH(ROW()-1,装备库!$AK$2:$AK$2022,0),COLUMN()),"") -> 6_42063 | C16: =IFERROR(INDEX(装备库!$A$2:$E$2022,MATCH(ROW()-1,装备库!$AK$2:$AK$2022,0),5),"") -> 陶然意·谧秋囊(30700破全)
A17: =IFERROR(INDEX(装备库!$A$2:$E$2022,MATCH(ROW()-1,装备库!$AK$2:$AK$2022,0),COLUMN()),"") -> 暗器 | B17: =IFERROR(INDEX(装备库!$A$2:$E$2022,MATCH(ROW()-1,装备库!$AK$2:$AK$2022,0),COLUMN()),"") -> 6_43768 | C17: =IFERROR(INDEX(装备库!$A$2:$E$2022,MATCH(ROW()-1,装备库!$AK$2:$AK$2022,0),5),"") -> 娄锋囊(32500招无)
A18: =IFERROR(INDEX(装备库!$A$2:$E$2022,MATCH(ROW()-1,装备库!$AK$2:$AK$2022,0),COLUMN()),"") -> 暗器 | B18: =IFERROR(INDEX(装备库!$A$2:$E$2022,MATCH(ROW()-1,装备库!$AK$2:$AK$2022,0),COLUMN()),"") -> 6_42795 | C18: =IFERROR(INDEX(装备库!$A$2:$E$2022,MATCH(ROW()-1,装备库!$AK$2:$AK$2022,0),5),"") -> 无修囊·外·地(32500特效精简破无)
A19: =IFERROR(INDEX(装备库!$A$2:$E$2022,MATCH(ROW()-1,装备库!$AK$2:$AK$2022,0),COLUMN()),"") -> 暗器 | B19: =IFERROR(INDEX(装备库!$A$2:$E$2022,MATCH(ROW()-1,装备库!$AK$2:$AK$2022,0),COLUMN()),"") -> 6_42797 | C19: =IFERROR(INDEX(装备库!$A$2:$E$2022,MATCH(ROW()-1,装备库!$AK$2:$AK$2022,0),5),"") -> 无修囊·外·地(32500特效精简会会招) | N19: 一键精炼使用
A20: =IFERROR(INDEX(装备库!$A$2:$E$2022,MATCH(ROW()-1,装备库!$AK$2:$AK$2022,0),COLUMN()),"") -> 暗器 | B20: =IFERROR(INDEX(装备库!$A$2:$E$2022,MATCH(ROW()-1,装备库!$AK$2:$AK$2022,0),COLUMN()),"") -> 6_42796 | C20: =IFERROR(INDEX(装备库!$A$2:$E$2022,MATCH(ROW()-1,装备库!$AK$2:$AK$2022,0),5),"") -> 无修囊·外·地(32500特效精简会会无) | N20: =IF(配装计算器!$K$33="不使用","",配装计算器!$K$33) | O20: 部位 | P20: 显示
A21: =IFERROR(INDEX(装备库!$A$2:$E$2022,MATCH(ROW()-1,装备库!$AK$2:$AK$2022,0),COLUMN()),"") -> 暗器 | B21: =IFERROR(INDEX(装备库!$A$2:$E$2022,MATCH(ROW()-1,装备库!$AK$2:$AK$2022,0),COLUMN()),"") -> 6_44325 | C21: =IFERROR(INDEX(装备库!$A$2:$E$2022,MATCH(ROW()-1,装备库!$AK$2:$AK$2022,0),5),"") -> 千机劫·迷城(34100破无) | O21: 帽子 | P21: =IF(配装计算器!$K$33="不使用","",$Q2)
A22: =IFERROR(INDEX(装备库!$A$2:$E$2022,MATCH(ROW()-1,装备库!$AK$2:$AK$2022,0),COLUMN()),"") -> 暗器 | B22: =IFERROR(INDEX(装备库!$A$2:$E$2022,MATCH(ROW()-1,装备库!$AK$2:$AK$2022,0),COLUMN()),"") -> 6_45107 | C22: =IFERROR(INDEX(装备库!$A$2:$E$2022,MATCH(ROW()-1,装备库!$AK$2:$AK$2022,0),5),"") -> 幽墟荡秽·迅鸿囊(35300会无) | O22: 上衣 | P22: =IF(配装计算器!$K$33="不使用","",$Q3)
A23: =IFERROR(INDEX(装备库!$A$2:$E$2022,MATCH(ROW()-1,装备库!$AK$2:$AK$2022,0),COLUMN()),"") -> 暗器 | B23: =IFERROR(INDEX(装备库!$A$2:$E$2022,MATCH(ROW()-1,装备库!$AK$2:$AK$2022,0),COLUMN()),"") -> 6_42744 | C23: =IFERROR(INDEX(装备库!$A$2:$E$2022,MATCH(ROW()-1,装备库!$AK$2:$AK$2022,0),5),"") -> 烟岚云岫(35300招无) | O23: 腰带 | P23: =IF(配装计算器!$K$33="不使用","",$Q4)
A24: =IFERROR(INDEX(装备库!$A$2:$E$2022,MATCH(ROW()-1,装备库!$AK$2:$AK$2022,0),COLUMN()),"") -> 暗器 | B24: =IFERROR(INDEX(装备库!$A$2:$E$2022,MATCH(ROW()-1,装备库!$AK$2:$AK$2022,0),COLUMN()),"") -> 6_42629 | C24: =IFERROR(INDEX(装备库!$A$2:$E$2022,MATCH(ROW()-1,装备库!$AK$2:$AK$2022,0),5),"") -> 天风囊(35300速无) | O24: 护手 | P24: =IF(配装计算器!$K$33="不使用","",$Q5)
A25: =IFERROR(INDEX(装备库!$A$2:$E$2022,MATCH(ROW()-1,装备库!$AK$2:$AK$2022,0),COLUMN()),"") -> 暗器 | B25: =IFERROR(INDEX(装备库!$A$2:$E$2022,MATCH(ROW()-1,装备库!$AK$2:$AK$2022,0),COLUMN()),"") -> 6_42670 | C25: =IFERROR(INDEX(装备库!$A$2:$E$2022,MATCH(ROW()-1,装备库!$AK$2:$AK$2022,0),5),"") -> 晚风囊(35300会无) | O25: 裤子 | P25: =IF(配装计算器!$K$33="不使用","",$Q6)
A26: =IFERROR(INDEX(装备库!$A$2:$E$2022,MATCH(ROW()-1,装备库!$AK$2:$AK$2022,0),COLUMN()),"") -> 暗器 | B26: =IFERROR(INDEX(装备库!$A$2:$E$2022,MATCH(ROW()-1,装备库!$AK$2:$AK$2022,0),COLUMN()),"") -> 6_42807 | C26: =IFERROR(INDEX(装备库!$A$2:$E$2022,MATCH(ROW()-1,装备库!$AK$2:$AK$2022,0),5),"") -> 蒙鸠囊(35300会无) | O26: 鞋子 | P26: =IF(配装计算器!$K$33="不使用","",$Q7)
A27: =IFERROR(INDEX(装备库!$A$2:$E$2022,MATCH(ROW()-1,装备库!$AK$2:$AK$2022,0),COLUMN()),"") -> 暗器 | B27: =IFERROR(INDEX(装备库!$A$2:$E$2022,MATCH(ROW()-1,装备库!$AK$2:$AK$2022,0),COLUMN()),"") -> 6_42802 | C27: =IFERROR(INDEX(装备库!$A$2:$E$2022,MATCH(ROW()-1,装备库!$AK$2:$AK$2022,0),5),"") -> 无修囊·外·地(35300特效精简招破无) | O27: 项链 | P27: =IF(配装计算器!$K$33="不使用","",$Q8)
A28: =IFERROR(INDEX(装备库!$A$2:$E$2022,MATCH(ROW()-1,装备库!$AK$2:$AK$2022,0),COLUMN()),"") -> 暗器 | B28: =IFERROR(INDEX(装备库!$A$2:$E$2022,MATCH(ROW()-1,装备库!$AK$2:$AK$2022,0),COLUMN()),"") -> 6_42801 | C28: =IFERROR(INDEX(装备库!$A$2:$E$2022,MATCH(ROW()-1,装备库!$AK$2:$AK$2022,0),5),"") -> 无修囊·外·地(35300特效精简会无) | O28: 腰坠 | P28: =IF(配装计算器!$K$33="不使用","",$Q9)
A29: =IFERROR(INDEX(装备库!$A$2:$E$2022,MATCH(ROW()-1,装备库!$AK$2:$AK$2022,0),COLUMN()),"") -> 暗器 | B29: =IFERROR(INDEX(装备库!$A$2:$E$2022,MATCH(ROW()-1,装备库!$AK$2:$AK$2022,0),COLUMN()),"") -> 6_42803 | C29: =IFERROR(INDEX(装备库!$A$2:$E$2022,MATCH(ROW()-1,装备库!$AK$2:$AK$2022,0),5),"") -> 无修囊·外·地(35300特效精简会破无) | O29: 戒指1 | P29: =IF(配装计算器!$K$33="不使用","",$Q10)
A30: =IFERROR(INDEX(装备库!$A$2:$E$2022,MATCH(ROW()-1,装备库!$AK$2:$AK$2022,0),COLUMN()),"") -> 暗器 | B30: =IFERROR(INDEX(装备库!$A$2:$E$2022,MATCH(ROW()-1,装备库!$AK$2:$AK$2022,0),COLUMN()),"") -> 6_43489 | C30: =IFERROR(INDEX(装备库!$A$2:$E$2022,MATCH(ROW()-1,装备库!$AK$2:$AK$2022,0),5),"") -> 陶然意·折柳囊(36200破全) | O30: 戒指2 | P30: =IF(配装计算器!$K$33="不使用","",$Q11)
A31: =IFERROR(INDEX(装备库!$A$2:$E$2022,MATCH(ROW()-1,装备库!$AK$2:$AK$2022,0),COLUMN()),"") -> 暗器 | B31: =IFERROR(INDEX(装备库!$A$2:$E$2022,MATCH(ROW()-1,装备库!$AK$2:$AK$2022,0),COLUMN()),"") -> 6_45480 | C31: =IFERROR(INDEX(装备库!$A$2:$E$2022,MATCH(ROW()-1,装备库!$AK$2:$AK$2022,0),5),"") -> 胃霆囊(38100招无) | O31: 暗器 | P31: =IF(配装计算器!$K$33="不使用","",$Q12)
A32: =IFERROR(INDEX(装备库!$A$2:$E$2022,MATCH(ROW()-1,装备库!$AK$2:$AK$2022,0),COLUMN()),"") -> 暗器 | B32: =IFERROR(INDEX(装备库!$A$2:$E$2022,MATCH(ROW()-1,装备库!$AK$2:$AK$2022,0),COLUMN()),"") -> 6_44530 | C32: =IFERROR(INDEX(装备库!$A$2:$E$2022,MATCH(ROW()-1,装备库!$AK$2:$AK$2022,0),5),"") -> 无修囊·外·天(38100特效精简招无) | O32: 轻/重剑 | P32: =IF(配装计算器!$K$33="不使用","",MAX($Q14,$Q13))
A33: =IFERROR(INDEX(装备库!$A$2:$E$2022,MATCH(ROW()-1,装备库!$AK$2:$AK$2022,0),COLUMN()),"") -> 暗器 | B33: =IFERROR(INDEX(装备库!$A$2:$E$2022,MATCH(ROW()-1,装备库!$AK$2:$AK$2022,0),COLUMN()),"") -> 6_44531 | C33: =IFERROR(INDEX(装备库!$A$2:$E$2022,MATCH(ROW()-1,装备库!$AK$2:$AK$2022,0),5),"") -> 无修囊·外·天(38100特效精简破无)
A34: =IFERROR(INDEX(装备库!$A$2:$E$2022,MATCH(ROW()-1,装备库!$AK$2:$AK$2022,0),COLUMN()),"") -> 暗器 | B34: =IFERROR(INDEX(装备库!$A$2:$E$2022,MATCH(ROW()-1,装备库!$AK$2:$AK$2022,0),COLUMN()),"") -> 6_44532 | C34: =IFERROR(INDEX(装备库!$A$2:$E$2022,MATCH(ROW()-1,装备库!$AK$2:$AK$2022,0),5),"") -> 无修囊·外·天(38100特效精简会无)
A35: =IFERROR(INDEX(装备库!$A$2:$E$2022,MATCH(ROW()-1,装备库!$AK$2:$AK$2022,0),COLUMN()),"") -> 暗器 | B35: =IFERROR(INDEX(装备库!$A$2:$E$2022,MATCH(ROW()-1,装备库!$AK$2:$AK$2022,0),COLUMN()),"") -> 6_44479 | C35: =IFERROR(INDEX(装备库!$A$2:$E$2022,MATCH(ROW()-1,装备库!$AK$2:$AK$2022,0),5),"") -> 浮云渡(41400招无)
A36: =IFERROR(INDEX(装备库!$A$2:$E$2022,MATCH(ROW()-1,装备库!$AK$2:$AK$2022,0),COLUMN()),"") -> 暗器 | B36: =IFERROR(INDEX(装备库!$A$2:$E$2022,MATCH(ROW()-1,装备库!$AK$2:$AK$2022,0),COLUMN()),"") -> 6_44364 | C36: =IFERROR(INDEX(装备库!$A$2:$E$2022,MATCH(ROW()-1,装备库!$AK$2:$AK$2022,0),5),"") -> 尘隐囊(41400速无)
A37: =IFERROR(INDEX(装备库!$A$2:$E$2022,MATCH(ROW()-1,装备库!$AK$2:$AK$2022,0),COLUMN()),"") -> 暗器 | B37: =IFERROR(INDEX(装备库!$A$2:$E$2022,MATCH(ROW()-1,装备库!$AK$2:$AK$2022,0),COLUMN()),"") -> 6_44405 | C37: =IFERROR(INDEX(装备库!$A$2:$E$2022,MATCH(ROW()-1,装备库!$AK$2:$AK$2022,0),5),"") -> 流漓囊(41400会无)
A38: =IFERROR(INDEX(装备库!$A$2:$E$2022,MATCH(ROW()-1,装备库!$AK$2:$AK$2022,0),COLUMN()),"") -> 暗器 | B38: =IFERROR(INDEX(装备库!$A$2:$E$2022,MATCH(ROW()-1,装备库!$AK$2:$AK$2022,0),COLUMN()),"") -> 6_44542 | C38: =IFERROR(INDEX(装备库!$A$2:$E$2022,MATCH(ROW()-1,装备库!$AK$2:$AK$2022,0),5),"") -> 曜影囊(41400会无)
A39: =IFERROR(INDEX(装备库!$A$2:$E$2022,MATCH(ROW()-1,装备库!$AK$2:$AK$2022,0),COLUMN()),"") -> 暗器 | B39: =IFERROR(INDEX(装备库!$A$2:$E$2022,MATCH(ROW()-1,装备库!$AK$2:$AK$2022,0),COLUMN()),"") -> 6_44536 | C39: =IFERROR(INDEX(装备库!$A$2:$E$2022,MATCH(ROW()-1,装备库!$AK$2:$AK$2022,0),5),"") -> 无修囊·外·天(41400特效精简破无)
A40: =IFERROR(INDEX(装备库!$A$2:$E$2022,MATCH(ROW()-1,装备库!$AK$2:$AK$2022,0),COLUMN()),"") -> 暗器 | B40: =IFERROR(INDEX(装备库!$A$2:$E$2022,MATCH(ROW()-1,装备库!$AK$2:$AK$2022,0),COLUMN()),"") -> 6_44537 | C40: =IFERROR(INDEX(装备库!$A$2:$E$2022,MATCH(ROW()-1,装备库!$AK$2:$AK$2022,0),5),"") -> 无修囊·外·天(41400特效精简会会招)
A41: =IFERROR(INDEX(装备库!$A$2:$E$2022,MATCH(ROW()-1,装备库!$AK$2:$AK$2022,0),COLUMN()),"") -> 暗器 | B41: =IFERROR(INDEX(装备库!$A$2:$E$2022,MATCH(ROW()-1,装备库!$AK$2:$AK$2022,0),COLUMN()),"") -> 6_44538 | C41: =IFERROR(INDEX(装备库!$A$2:$E$2022,MATCH(ROW()-1,装备库!$AK$2:$AK$2022,0),5),"") -> 无修囊·外·天(41400特效精简会会无)
A42: =IFERROR(INDEX(装备库!$A$2:$E$2022,MATCH(ROW()-1,装备库!$AK$2:$AK$2022,0),COLUMN()),"") -> 暗器 | B42: =IFERROR(INDEX(装备库!$A$2:$E$2022,MATCH(ROW()-1,装备库!$AK$2:$AK$2022,0),COLUMN()),"") -> 6_45223 | C42: =IFERROR(INDEX(装备库!$A$2:$E$2022,MATCH(ROW()-1,装备库!$AK$2:$AK$2022,0),5),"") -> 陶然意·烟峦囊(42400破全)
A43: =IFERROR(INDEX(装备库!$A$2:$E$2022,MATCH(ROW()-1,装备库!$AK$2:$AK$2022,0),COLUMN()),"") -> 护手 | B43: =IFERROR(INDEX(装备库!$A$2:$E$2022,MATCH(ROW()-1,装备库!$AK$2:$AK$2022,0),COLUMN()),"") -> 7_108485 | C43: =IFERROR(INDEX(装备库!$A$2:$E$2022,MATCH(ROW()-1,装备库!$AK$2:$AK$2022,0),5),"") -> 智渊袖(30200速全)
A44: =IFERROR(INDEX(装备库!$A$2:$E$2022,MATCH(ROW()-1,装备库!$AK$2:$AK$2022,0),COLUMN()),"") -> 护手 | B44: =IFERROR(INDEX(装备库!$A$2:$E$2022,MATCH(ROW()-1,装备库!$AK$2:$AK$2022,0),COLUMN()),"") -> 7_108521 | C44: =IFERROR(INDEX(装备库!$A$2:$E$2022,MATCH(ROW()-1,装备库!$AK$2:$AK$2022,0),5),"") -> 镂云袖(30200会全)
... A2001: =IFERROR(INDEX(装备库!$A$2:$E$2022,MATCH(ROW()-1,装备库!$AK$2:$AK$2022,0),COLUMN()),"") | B2001: =IFERROR(INDEX(装备库!$A$2:$E$2022,MATCH(ROW()-1,装备库!$AK$2:$AK$2022,0),COLUMN()),"") | C2001: =IFERROR(INDEX(装备库!$A$2:$E$2022,MATCH(ROW()-1,装备库!$AK$2:$AK$2022,0),5),"")

Sheet 基础面板属性
B1: 项目 | C1: 内容 | D1: 备注 | E1: 体质值 | F1: 体质百分比 | G1: 基础气血值 | H1: 基础气血值百分比 | I1: 最终基础气血值 | J1: 额外气血值 | K1: 最大气血值百分比 | L1: 最大气血值 | M1: 身法值 | N1: 百分比身法 | O1: 最终身法 | P1: 力道值 | Q1: 百分比力道 | R1: 最终力道 | S1: 攻击值 | T1: 基础攻击百分比 | U1: 最终基础攻击 | V1: 最终攻击 | W1: 会心值 | X1: 会心几率 | Y1: 最终会心 | Z1: 会效值 | AA1: 会效几率 | AB1: 最终会效 | AC1: 破防值 | AD1: 破防百分比 | AE1: 最终基础破防 | AF1: 最终破防 | AG1: 全能值 | AH1: 破招值 | AI1: 破招百分比 | AJ1: 最终破招 | AK1: 无双值 | AL1: 无双值百分比 | AM1: 最终无双值 | AN1: 无双百分比 | AO1: 最终无双 | AP1: 加速值 | AQ1: 加速值百分比 | AR1: 最终加速值 | AS1: 加速百分比 | AT1: 最终加速 | AU1: 武器伤害小 | AV1: 武器伤害大 | AW1: 武器伤害百分比 | AX1: 最终武器伤害小 | AY1: 最终武器伤害大 | AZ1: Damageaddpercent | BA1: 易伤 | BB1: 降低防御等级 | BC1: 无视防御 | BD1: 降低防御百分比 | BE1: 是否存在 | BF1: 是否显示 | BG1: 增益开关 | BH1: 覆盖率
B2: 轻剑基础面板和 | E2: =内置配装器*SUMIF($A$4:$A$100006,"<>重剑",E$4:E$10006)+E80 -> 217750 | F2: =内置配装器*SUMIF($A$4:$A$100006,"<>重剑",F$4:F$10006) -> 0 | G2: =内置配装器*SUMIF($A$4:$A$100006,"<>重剑",G$4:G$10006)+G80 -> 160878 | H2: =内置配装器*SUMIF($A$4:$A$100006,"<>重剑",H$4:H$10006)+H80 -> 307 | I2: =G2+E2*10 -> 2338378 | J2: =内置配装器*SUMIF($A$4:$A$100006,"<>重剑",J$4:J$10006) -> 0 | K2: =内置配装器*SUMIF($A$4:$A$100006,"<>重剑",K$4:K$10006) -> 0 | L2: =INT((I2)+INT(H2*(I2)/1024)+J2+INT(((I2)+INT(H2*(I2)/1024)+J2)*K2/1024)) -> 3039434 | M2: =内置配装器*SUMIF($A$4:$A$100006,"<>重剑",M$4:M$10006)+M80 -> 8141 | N2: =内置配装器*SUMIF($A$4:$A$100006,"<>重剑",N$4:N$10006) -> 0 | O2: =M2+INT(M2*N2/1024) -> 8141 | P2: =内置配装器*SUMIF($A$4:$A$100006,"<>重剑",P$4:P$10006)+P80 -> 44 | Q2: =内置配装器*SUMIF($A$4:$A$100006,"<>重剑",Q$4:Q$10006) -> 0 | R2: =P2+INT(P2*Q2/1024) -> 44 | S2: =内置配装器*SUMIF($A$4:$A$100006,"<>重剑",S$4:S$10006)+S80 -> 66559 | T2: =内置配装器*SUMIF($A$4:$A$100006,"<>重剑",T$4:T$10006) -> 0 | U2: =(INT(R2*力道转基础攻击)+S2) -> 66566 | V2: =U2+INT(O2*身法转额外攻击)+INT(U2*T2/1024) -> 81218 | W2: =内置配装器*SUMIF($A$4:$A$100006,"<>重剑",W$4:W$10006)+W80 -> 121519 | X2: =内置配装器*SUMIF($A$4:$A$100006,"<>重剑",X$4:X$10006) -> 0 | Y2: =ROUND((W2+INT(O2*身法转基础会心))/会心系数+X2,4) -> 0.6517 | Z2: =内置配装器*SUMIF($A$4:$A$100006,"<>重剑",Z$4:Z$10006)+Z80 -> 13632 | AA2: =内置配装器*SUMIF($A$4:$A$100006,"<>重剑",AA$4:AA$10006) -> 0 | AB2: =ROUND(1.75+Z2/会效系数+AA2/1024,4) -> 1.9371 | AC2: =内置配装器*SUMIF($A$4:$A$100006,"<>重剑",AC$4:AC$10006)+AC80 -> 82771 | AD2: =内置配装器*SUMIF($A$4:$A$100006,"<>重剑",AD$4:AD$10006) -> 0 | AE2: =AC2+INT(R2*力道转基础破防) -> 82784 | AF2: =AE2+INT(O2*身法转额外破防)+INT(AE2*AD2/1024) -> 85065 | AG2: =内置配装器*SUMIF($A$4:$A$100006,"<>重剑",AG$4:AG$10006) -> 0 | AH2: =内置配装器*SUMIF($A$4:$A$100006,"<>重剑",AH$4:AH$10006)+AH80 -> 72512 | AI2: =内置配装器*SUMIF($A$4:$A$100006,"<>重剑",AI$4:AI$10006) -> 0 | AJ2: =AH2+INT(AH2*AI2/1024)+AG2*全能转破招 -> 72512 | AK2: =内置配装器*SUMIF($A$4:$A$100006,"<>重剑",AK$4:AK$10006)+AK80 -> 114219 | AL2: =内置配装器*SUMIF($A$4:$A$100006,"<>重剑",AL$4:AL$10006) -> 0 | AM2: =(AK2+INT(AK2*AL2/1024)+AG2*全能转无双) -> 114219 | AN2: =内置配装器*SUMIF($A$4:$A$100006,"<>重剑",AN$4:AN$10006) -> 0 | AO2: =ROUND(AM2/无双系数+AN2/1024,4) -> 0.8566 | AP2: =内置配装器*SUMIF($A$4:$A$100006,"<>重剑",AP$4:AP$10006)+AP80 -> 14505 | AQ2: =内置配装器*SUMIF($A$4:$A$100006,"<>重剑",AQ$4:AQ$10006) -> 0 | AR2: =(AP2+INT(AP2*AQ2/1024)) -> 14505 | AS2: =内置配装器*SUMIF($A$4:$A$100006,"<>重剑",AS$4:AS$10006) -> 0 | AT2: =ROUND(AR2/急速系数+AS2/1024,4) -> 0.069 | AU2: =内置配装器*SUMIF($A$4:$A$100006,"<>重剑",AU$4:AU$10006)+AU80 -> 9521 | AV2: =内置配装器*SUMIF($A$4:$A$100006,"<>重剑",AV$4:AV$10006)+AV80 -> 15868 | AW2: =内置配装器*SUMIF($A$4:$A$100006,"<>重剑",AW$4:AW$10006) -> 0 | AX2: =AU2+INT(AU2*AW2/1024) -> 9521 | AY2: =AX2+AV2-AU2 -> 15868 | AZ2: =内置配装器*SUMIF($A$4:$A$100006,"<>重剑",AZ$4:AZ$10006) -> 0 | BA2: =内置配装器*SUMIF($A$4:$A$100006,"<>重剑",BA$4:BA$10006) -> 0 | BB2: =内置配装器*SUMIF($A$4:$A$100006,"<>重剑",BB$4:BB$10006) -> 0 | BC2: =内置配装器*SUMIF($A$4:$A$100006,"<>重剑",BC$4:BC$10006) -> 0 | BD2: =内置配装器*SUMIF($A$4:$A$100006,"<>重剑",BD$4:BD$10006) -> 0
B3: 重剑基础面板和 | E3: =内置配装器*SUMIF($A$4:$A$100006,"<>轻剑",E$4:E$10006)+E81 -> 217750 | F3: =内置配装器*SUMIF($A$4:$A$100006,"<>轻剑",F$4:F$10006) -> 0 | G3: =内置配装器*SUMIF($A$4:$A$100006,"<>轻剑",G$4:G$10006)+G81 -> 160878 | H3: =内置配装器*SUMIF($A$4:$A$100006,"<>轻剑",H$4:H$10006)+H81 -> 307 | I3: =G3+E3*10 -> 2338378 | J3: =内置配装器*SUMIF($A$4:$A$100006,"<>轻剑",J$4:J$10006) -> 0 | K3: =内置配装器*SUMIF($A$4:$A$100006,"<>轻剑",K$4:K$10006) -> 0 | L3: =INT((I3)+INT(H3*(I3)/1024)+J3+INT(((I3)+INT(H3*(I3)/1024)+J3)*K3/1024)) -> 3039434 | M3: =内置配装器*SUMIF($A$4:$A$100006,"<>轻剑",M$4:M$10006)+M81 -> 8141 | N3: =内置配装器*SUMIF($A$4:$A$100006,"<>轻剑",N$4:N$10006) -> 0 | O3: =M3+INT(M3*N3/1024) -> 8141 | P3: =内置配装器*SUMIF($A$4:$A$100006,"<>轻剑",P$4:P$10006)+P81 -> 44 | Q3: =内置配装器*SUMIF($A$4:$A$100006,"<>轻剑",Q$4:Q$10006) -> 0 | R3: =P3+INT(P3*Q3/1024) -> 44 | S3: =内置配装器*SUMIF($A$4:$A$100006,"<>轻剑",S$4:S$10006)+S81 -> 66559 | T3: =内置配装器*SUMIF($A$4:$A$100006,"<>轻剑",T$4:T$10006) -> 0 | U3: =(INT(R3*力道转基础攻击)+S3) -> 66566 | V3: =U3+INT(O3*身法转额外攻击)+INT(U3*T3/1024) -> 81218 | W3: =内置配装器*SUMIF($A$4:$A$100006,"<>轻剑",W$4:W$10006)+W81 -> 121519 | X3: =内置配装器*SUMIF($A$4:$A$100006,"<>轻剑",X$4:X$10006) -> 0 | Y3: =ROUND((W3+INT(O3*身法转基础会心))/会心系数+X3,4) -> 0.6517 | Z3: =内置配装器*SUMIF($A$4:$A$100006,"<>轻剑",Z$4:Z$10006)+Z81 -> 13632 | AA3: =内置配装器*SUMIF($A$4:$A$100006,"<>轻剑",AA$4:AA$10006) -> 0 | AB3: =ROUND(1.75+Z3/会效系数+AA3/1024,4) -> 1.9371 | AC3: =内置配装器*SUMIF($A$4:$A$100006,"<>轻剑",AC$4:AC$10006)+AC81 -> 82771 | AD3: =内置配装器*SUMIF($A$4:$A$100006,"<>轻剑",AD$4:AD$10006) -> 0 | AE3: =AC3+INT(R3*力道转基础破防) -> 82784 | AF3: =AE3+INT(O3*身法转额外破防)+INT(AE3*AD3/1024) -> 85065 | AG3: =内置配装器*SUMIF($A$4:$A$100006,"<>轻剑",AG$4:AG$10006) -> 0 | AH3: =内置配装器*SUMIF($A$4:$A$100006,"<>轻剑",AH$4:AH$10006)+AH81 -> 72512 | AI3: =内置配装器*SUMIF($A$4:$A$100006,"<>轻剑",AI$4:AI$10006) -> 0 | AJ3: =AH3+INT(AH3*AI3/1024)+AG3*全能转破招 -> 72512 | AK3: =内置配装器*SUMIF($A$4:$A$100006,"<>轻剑",AK$4:AK$10006)+AK81 -> 114219 | AL3: =内置配装器*SUMIF($A$4:$A$100006,"<>轻剑",AL$4:AL$10006) -> 0 | AM3: =(AK3+INT(AK3*AL3/1024)+AG3*全能转无双) -> 114219 | AN3: =内置配装器*SUMIF($A$4:$A$100006,"<>轻剑",AN$4:AN$10006) -> 0 | AO3: =ROUND(AM3/无双系数+AN3/1024,4) -> 0.8566 | AP3: =内置配装器*SUMIF($A$4:$A$100006,"<>轻剑",AP$4:AP$10006)+AP81 -> 14505 | AQ3: =内置配装器*SUMIF($A$4:$A$100006,"<>轻剑",AQ$4:AQ$10006) -> 0 | AR3: =(AP3+INT(AP3*AQ3/1024)) -> 14505 | AS3: =内置配装器*SUMIF($A$4:$A$100006,"<>轻剑",AS$4:AS$10006) -> 0 | AT3: =ROUND(AR3/急速系数+AS3/1024,4) -> 0.069 | AU3: =内置配装器*SUMIF($A$4:$A$100006,"<>轻剑",AU$4:AU$10006)+AU81 -> 14648 | AV3: =内置配装器*SUMIF($A$4:$A$100006,"<>轻剑",AV$4:AV$10006)+AV81 -> 24413 | AW3: =内置配装器*SUMIF($A$4:$A$100006,"<>轻剑",AW$4:AW$10006) -> 0 | AX3: =AU3+INT(AU3*AW3/1024) -> 14648 | AY3: =AX3+AV3-AU3 -> 24413 | AZ3: =内置配装器*SUMIF($A$4:$A$100006,"<>轻剑",AZ$4:AZ$10006) -> 0 | BA3: =内置配装器*SUMIF($A$4:$A$100006,"<>轻剑",BA$4:BA$10006) -> 0 | BB3: =内置配装器*SUMIF($A$4:$A$100006,"<>轻剑",BB$4:BB$10006) -> 0 | BC3: =内置配装器*SUMIF($A$4:$A$100006,"<>轻剑",BC$4:BC$10006) -> 0 | BD3: =内置配装器*SUMIF($A$4:$A$100006,"<>轻剑",BD$4:BD$10006) -> 0
A4: 帽子 | B4: 帽子装备 | C4: =配装计算器!C2 -> 无修冠·外·天(41400特效精简会无) | E4: =装备选择!AV2 -> 21990 | M4: =装备选择!AW2 -> 0 | S4: =装备选择!AY2 -> 2717 | W4: =装备选择!AZ2 -> 38982 | Z4: =装备选择!BA2 -> 0 | AC4: =装备选择!BB2 -> 0 | AG4: =装备选择!BF2 -> 0 | AH4: =装备选择!BC2 -> 0 | AK4: =装备选择!BD2 -> 11995 | AP4: =装备选择!BE2 -> 0 | AU4: =装备选择!BH2 -> 0 | AV4: =装备选择!BI2 -> 0
A5: =A4 -> 帽子 | B5: 帽子五行石孔1 | C5: =配装计算器!B4 -> 攻击孔 | D5: =IF(C5="",0,IF(配装计算器!$K$32<>"不使用",镶嵌库!$Y$17,IFERROR(1*(LEFT(配装计算器!C4,1)),0))) -> 8 | E5: =IFERROR(INDEX(镶嵌库!$C$5:$M$13,基础面板属性!$D5+1,IF(LEFT(基础面板属性!$C5,2)&"值"=基础面板属性!E$1,MATCH(基础面板属性!$C5,镶嵌库!$C$4:$M$4,0),-1)),0) -> 0 | F5: =IFERROR(INDEX(镶嵌库!$C$5:$M$13,基础面板属性!$D5+1,IF(LEFT(基础面板属性!$C5,2)&"值"=基础面板属性!F$1,MATCH(基础面板属性!$C5,镶嵌库!$C$4:$M$4,0),-1)),0) -> 0 | G5: =IFERROR(INDEX(镶嵌库!$C$5:$M$13,基础面板属性!$D5+1,IF(LEFT(基础面板属性!$C5,2)&"值"=基础面板属性!G$1,MATCH(基础面板属性!$C5,镶嵌库!$C$4:$M$4,0),-1)),0) -> 0 | H5: =IFERROR(INDEX(镶嵌库!$C$5:$M$13,基础面板属性!$D5+1,IF(LEFT(基础面板属性!$C5,2)&"值"=基础面板属性!H$1,MATCH(基础面板属性!$C5,镶嵌库!$C$4:$M$4,0),-1)),0) -> 0 | I5: =IFERROR(INDEX(镶嵌库!$C$5:$M$13,基础面板属性!$D5+1,IF(LEFT(基础面板属性!$C5,2)&"值"=基础面板属性!I$1,MATCH(基础面板属性!$C5,镶嵌库!$C$4:$M$4,0),-1)),0) -> 0 | J5: =IFERROR(INDEX(镶嵌库!$C$5:$M$13,基础面板属性!$D5+1,IF(LEFT(基础面板属性!$C5,2)&"值"=基础面板属性!J$1,MATCH(基础面板属性!$C5,镶嵌库!$C$4:$M$4,0),-1)),0) -> 0 | K5: =IFERROR(INDEX(镶嵌库!$C$5:$M$13,基础面板属性!$D5+1,IF(LEFT(基础面板属性!$C5,2)&"值"=基础面板属性!K$1,MATCH(基础面板属性!$C5,镶嵌库!$C$4:$M$4,0),-1)),0) -> 0 | L5: =IFERROR(INDEX(镶嵌库!$C$5:$M$13,基础面板属性!$D5+1,IF(LEFT(基础面板属性!$C5,2)&"值"=基础面板属性!L$1,MATCH(基础面板属性!$C5,镶嵌库!$C$4:$M$4,0),-1)),0) -> 0 | ... AP5: =IFERROR(INDEX(镶嵌库!$C$5:$M$13,基础面板属性!$D5+1,IF(LEFT(基础面板属性!$C5,2)&"值"=基础面板属性!AP$1,MATCH(基础面板属性!$C5,镶嵌库!$C$4:$M$4,0),-1)),0) -> 0 | AU5: =IFERROR(INDEX(镶嵌库!$C$5:$M$13,基础面板属性!$D5+1,IF(LEFT(基础面板属性!$C5,2)&"值"=基础面板属性!AU$1,MATCH(基础面板属性!$C5,镶嵌库!$C$4:$M$4,0),-1)),0) -> 0 | AV5: =IFERROR(INDEX(镶嵌库!$C$5:$M$13,基础面板属性!$D5+1,IF(LEFT(基础面板属性!$C5,2)&"值"=基础面板属性!AV$1,MATCH(基础面板属性!$C5,镶嵌库!$C$4:$M$4,0),-1)),0) -> 0 | AW5: =IFERROR(INDEX(镶嵌库!$C$5:$M$13,基础面板属性!$D5+1,IF(LEFT(基础面板属性!$C5,2)&"值"=基础面板属性!AW$1,MATCH(基础面板属性!$C5,镶嵌库!$C$4:$M$4,0),-1)),0) -> 0 | AX5: =IFERROR(INDEX(镶嵌库!$C$5:$M$13,基础面板属性!$D5+1,IF(LEFT(基础面板属性!$C5,2)&"值"=基础面板属性!AX$1,MATCH(基础面板属性!$C5,镶嵌库!$C$4:$M$4,0),-1)),0) -> 0 | AY5: =IFERROR(INDEX(镶嵌库!$C$5:$M$13,基础面板属性!$D5+1,IF(LEFT(基础面板属性!$C5,2)&"值"=基础面板属性!AY$1,MATCH(基础面板属性!$C5,镶嵌库!$C$4:$M$4,0),-1)),0) -> 0 | AZ5: =IFERROR(INDEX(镶嵌库!$C$5:$M$13,基础面板属性!$D5+1,IF(LEFT(基础面板属性!$C5,2)&"值"=基础面板属性!AZ$1,MATCH(基础面板属性!$C5,镶嵌库!$C$4:$M$4,0),-1)),0) -> 0 | BA5: =IFERROR(INDEX(镶嵌库!$C$5:$M$13,基础面板属性!$D5+1,IF(LEFT(基础面板属性!$C5,2)&"值"=基础面板属性!BA$1,MATCH(基础面板属性!$C5,镶嵌库!$C$4:$M$4,0),-1)),0) -> 0 | BB5: =IFERROR(INDEX(镶嵌库!$C$5:$M$13,基础面板属性!$D5+1,IF(LEFT(基础面板属性!$C5,2)&"值"=基础面板属性!BB$1,MATCH(基础面板属性!$C5,镶嵌库!$C$4:$M$4,0),-1)),0) -> 0 | ... BD5: =IFERROR(INDEX(镶嵌库!$C$5:$M$13,基础面板属性!$D5+1,IF(LEFT(基础面板属性!$C5,2)&"值"=基础面板属性!BD$1,MATCH(基础面板属性!$C5,镶嵌库!$C$4:$M$4,0),-1)),0) -> 0
A6: =A4 -> 帽子 | B6: 帽子五行石孔2 | C6: =配装计算器!B5 -> 无双孔 | D6: =IF(C6="",0,IF(配装计算器!$K$32<>"不使用",镶嵌库!$Y$17,IFERROR(1*(LEFT(配装计算器!C5,1)),0))) -> 8 | E6: =IFERROR(INDEX(镶嵌库!$C$5:$M$13,基础面板属性!$D6+1,IF(LEFT(基础面板属性!$C6,2)&"值"=基础面板属性!E$1,MATCH(基础面板属性!$C6,镶嵌库!$C$4:$M$4,0),-1)),0) -> 0 | F6: =IFERROR(INDEX(镶嵌库!$C$5:$M$13,基础面板属性!$D6+1,IF(LEFT(基础面板属性!$C6,2)&"值"=基础面板属性!F$1,MATCH(基础面板属性!$C6,镶嵌库!$C$4:$M$4,0),-1)),0) -> 0 | G6: =IFERROR(INDEX(镶嵌库!$C$5:$M$13,基础面板属性!$D6+1,IF(LEFT(基础面板属性!$C6,2)&"值"=基础面板属性!G$1,MATCH(基础面板属性!$C6,镶嵌库!$C$4:$M$4,0),-1)),0) -> 0 | H6: =IFERROR(INDEX(镶嵌库!$C$5:$M$13,基础面板属性!$D6+1,IF(LEFT(基础面板属性!$C6,2)&"值"=基础面板属性!H$1,MATCH(基础面板属性!$C6,镶嵌库!$C$4:$M$4,0),-1)),0) -> 0 | I6: =IFERROR(INDEX(镶嵌库!$C$5:$M$13,基础面板属性!$D6+1,IF(LEFT(基础面板属性!$C6,2)&"值"=基础面板属性!I$1,MATCH(基础面板属性!$C6,镶嵌库!$C$4:$M$4,0),-1)),0) -> 0 | J6: =IFERROR(INDEX(镶嵌库!$C$5:$M$13,基础面板属性!$D6+1,IF(LEFT(基础面板属性!$C6,2)&"值"=基础面板属性!J$1,MATCH(基础面板属性!$C6,镶嵌库!$C$4:$M$4,0),-1)),0) -> 0 | K6: =IFERROR(INDEX(镶嵌库!$C$5:$M$13,基础面板属性!$D6+1,IF(LEFT(基础面板属性!$C6,2)&"值"=基础面板属性!K$1,MATCH(基础面板属性!$C6,镶嵌库!$C$4:$M$4,0),-1)),0) -> 0 | L6: =IFERROR(INDEX(镶嵌库!$C$5:$M$13,基础面板属性!$D6+1,IF(LEFT(基础面板属性!$C6,2)&"值"=基础面板属性!L$1,MATCH(基础面板属性!$C6,镶嵌库!$C$4:$M$4,0),-1)),0) -> 0 | ... AP6: =IFERROR(INDEX(镶嵌库!$C$5:$M$13,基础面板属性!$D6+1,IF(LEFT(基础面板属性!$C6,2)&"值"=基础面板属性!AP$1,MATCH(基础面板属性!$C6,镶嵌库!$C$4:$M$4,0),-1)),0) -> 0 | AU6: =IFERROR(INDEX(镶嵌库!$C$5:$M$13,基础面板属性!$D6+1,IF(LEFT(基础面板属性!$C6,2)&"值"=基础面板属性!AU$1,MATCH(基础面板属性!$C6,镶嵌库!$C$4:$M$4,0),-1)),0) -> 0 | AV6: =IFERROR(INDEX(镶嵌库!$C$5:$M$13,基础面板属性!$D6+1,IF(LEFT(基础面板属性!$C6,2)&"值"=基础面板属性!AV$1,MATCH(基础面板属性!$C6,镶嵌库!$C$4:$M$4,0),-1)),0) -> 0 | AW6: =IFERROR(INDEX(镶嵌库!$C$5:$M$13,基础面板属性!$D6+1,IF(LEFT(基础面板属性!$C6,2)&"值"=基础面板属性!AW$1,MATCH(基础面板属性!$C6,镶嵌库!$C$4:$M$4,0),-1)),0) -> 0 | AX6: =IFERROR(INDEX(镶嵌库!$C$5:$M$13,基础面板属性!$D6+1,IF(LEFT(基础面板属性!$C6,2)&"值"=基础面板属性!AX$1,MATCH(基础面板属性!$C6,镶嵌库!$C$4:$M$4,0),-1)),0) -> 0 | AY6: =IFERROR(INDEX(镶嵌库!$C$5:$M$13,基础面板属性!$D6+1,IF(LEFT(基础面板属性!$C6,2)&"值"=基础面板属性!AY$1,MATCH(基础面板属性!$C6,镶嵌库!$C$4:$M$4,0),-1)),0) -> 0 | AZ6: =IFERROR(INDEX(镶嵌库!$C$5:$M$13,基础面板属性!$D6+1,IF(LEFT(基础面板属性!$C6,2)&"值"=基础面板属性!AZ$1,MATCH(基础面板属性!$C6,镶嵌库!$C$4:$M$4,0),-1)),0) -> 0 | BA6: =IFERROR(INDEX(镶嵌库!$C$5:$M$13,基础面板属性!$D6+1,IF(LEFT(基础面板属性!$C6,2)&"值"=基础面板属性!BA$1,MATCH(基础面板属性!$C6,镶嵌库!$C$4:$M$4,0),-1)),0) -> 0 | BB6: =IFERROR(INDEX(镶嵌库!$C$5:$M$13,基础面板属性!$D6+1,IF(LEFT(基础面板属性!$C6,2)&"值"=基础面板属性!BB$1,MATCH(基础面板属性!$C6,镶嵌库!$C$4:$M$4,0),-1)),0) -> 0 | ... BD6: =IFERROR(INDEX(镶嵌库!$C$5:$M$13,基础面板属性!$D6+1,IF(LEFT(基础面板属性!$C6,2)&"值"=基础面板属性!BD$1,MATCH(基础面板属性!$C6,镶嵌库!$C$4:$M$4,0),-1)),0) -> 0
A7: =A4 -> 帽子 | B7: 帽子基础附魔 | C7: =IF(附魔库!$W$5="气血","基础气血值",附魔库!$W$5&"值") -> 加速值 | D7: =附魔库!X5 -> 3279 | E7: =IF(OR($C7=E$1,$C7&"大"=E$1,$C7&"小"=E$1),$D7,0) -> 0 | F7: =IF(OR($C7=F$1,$C7&"大"=F$1,$C7&"小"=F$1),$D7,0) -> 0 | G7: =IF(OR($C7=G$1,$C7&"大"=G$1,$C7&"小"=G$1),$D7,0) -> 0 | H7: =IF(OR($C7=H$1,$C7&"大"=H$1,$C7&"小"=H$1),$D7,0) -> 0 | I7: =IF(OR($C7=I$1,$C7&"大"=I$1,$C7&"小"=I$1),$D7,0) -> 0 | J7: =IF(OR($C7=J$1,$C7&"大"=J$1,$C7&"小"=J$1),$D7,0) -> 0 | K7: =IF(OR($C7=K$1,$C7&"大"=K$1,$C7&"小"=K$1),$D7,0) -> 0 | L7: =IF(OR($C7=L$1,$C7&"大"=L$1,$C7&"小"=L$1),$D7,0) -> 0 | ... AP7: =IF(OR($C7=AP$1,$C7&"大"=AP$1,$C7&"小"=AP$1),$D7,0) -> 3279 | AU7: =IF(OR($C7=AU$1,$C7&"大"=AU$1,$C7&"小"=AU$1),$D7,0) -> 0 | AV7: =IF(OR($C7=AV$1,$C7&"大"=AV$1,$C7&"小"=AV$1),$D7,0) -> 0 | AW7: =IF(OR($C7=AW$1,$C7&"大"=AW$1,$C7&"小"=AW$1),$D7,0) -> 0 | AX7: =IF(OR($C7=AX$1,$C7&"大"=AX$1,$C7&"小"=AX$1),$D7,0) -> 0 | AY7: =IF(OR($C7=AY$1,$C7&"大"=AY$1,$C7&"小"=AY$1),$D7,0) -> 0 | AZ7: =IF(OR($C7=AZ$1,$C7&"大"=AZ$1,$C7&"小"=AZ$1),$D7,0) -> 0 | BA7: =IF(OR($C7=BA$1,$C7&"大"=BA$1,$C7&"小"=BA$1),$D7,0) -> 0 | BB7: =IF(OR($C7=BB$1,$C7&"大"=BB$1,$C7&"小"=BB$1),$D7,0) -> 0 | ... BD7: =IF(OR($C7=BD$1,$C7&"大"=BD$1,$C7&"小"=BD$1),$D7,0) -> 0
A8: =A4 -> 帽子 | B8: 帽子大附魔
A9: 衣服 | B9: 衣服装备 | C9: =配装计算器!C7 -> 【门派套装】玄阙·燃炼衣(41400会无) | E9: =装备选择!AV3 -> 24434 | M9: =装备选择!AW3 -> 1993 | S9: =装备选择!AY3 -> 4527 | W9: =装备选择!AZ3 -> 16659 | Z9: =装备选择!BA3 -> 0 | AC9: =装备选择!BB3 -> 0 | AG9: =装备选择!BF3 -> 0 | AH9: =装备选择!BC3 -> 0 | AK9: =装备选择!BD3 -> 13327 | AP9: =装备选择!BE3 -> 0 | AU9: =装备选择!BH3 -> 0 | AV9: =装备选择!BI3 -> 0
A10: =A9 -> 衣服 | B10: 衣服五行石孔1 | C10: =配装计算器!B9 -> 会心孔 | D10: =IF(C10="",0,IF(配装计算器!$K$32<>"不使用",镶嵌库!$Y$17,IFERROR(1*(LEFT(配装计算器!C9,1)),0))) -> 8 | E10: =IFERROR(INDEX(镶嵌库!$C$5:$M$13,基础面板属性!$D10+1,IF(LEFT(基础面板属性!$C10,2)&"值"=基础面板属性!E$1,MATCH(基础面板属性!$C10,镶嵌库!$C$4:$M$4,0),-1)),0) -> 0 | F10: =IFERROR(INDEX(镶嵌库!$C$5:$M$13,基础面板属性!$D10+1,IF(LEFT(基础面板属性!$C10,2)&"值"=基础面板属性!F$1,MATCH(基础面板属性!$C10,镶嵌库!$C$4:$M$4,0),-1)),0) -> 0 | G10: =IFERROR(INDEX(镶嵌库!$C$5:$M$13,基础面板属性!$D10+1,IF(LEFT(基础面板属性!$C10,2)&"值"=基础面板属性!G$1,MATCH(基础面板属性!$C10,镶嵌库!$C$4:$M$4,0),-1)),0) -> 0 | H10: =IFERROR(INDEX(镶嵌库!$C$5:$M$13,基础面板属性!$D10+1,IF(LEFT(基础面板属性!$C10,2)&"值"=基础面板属性!H$1,MATCH(基础面板属性!$C10,镶嵌库!$C$4:$M$4,0),-1)),0) -> 0 | I10: =IFERROR(INDEX(镶嵌库!$C$5:$M$13,基础面板属性!$D10+1,IF(LEFT(基础面板属性!$C10,2)&"值"=基础面板属性!I$1,MATCH(基础面板属性!$C10,镶嵌库!$C$4:$M$4,0),-1)),0) -> 0 | J10: =IFERROR(INDEX(镶嵌库!$C$5:$M$13,基础面板属性!$D10+1,IF(LEFT(基础面板属性!$C10,2)&"值"=基础面板属性!J$1,MATCH(基础面板属性!$C10,镶嵌库!$C$4:$M$4,0),-1)),0) -> 0 | K10: =IFERROR(INDEX(镶嵌库!$C$5:$M$13,基础面板属性!$D10+1,IF(LEFT(基础面板属性!$C10,2)&"值"=基础面板属性!K$1,MATCH(基础面板属性!$C10,镶嵌库!$C$4:$M$4,0),-1)),0) -> 0 | L10: =IFERROR(INDEX(镶嵌库!$C$5:$M$13,基础面板属性!$D10+1,IF(LEFT(基础面板属性!$C10,2)&"值"=基础面板属性!L$1,MATCH(基础面板属性!$C10,镶嵌库!$C$4:$M$4,0),-1)),0) -> 0 | ... AP10: =IFERROR(INDEX(镶嵌库!$C$5:$M$13,基础面板属性!$D10+1,IF(LEFT(基础面板属性!$C10,2)&"值"=基础面板属性!AP$1,MATCH(基础面板属性!$C10,镶嵌库!$C$4:$M$4,0),-1)),0) -> 0 | AU10: =IFERROR(INDEX(镶嵌库!$C$5:$M$13,基础面板属性!$D10+1,IF(LEFT(基础面板属性!$C10,2)&"值"=基础面板属性!AU$1,MATCH(基础面板属性!$C10,镶嵌库!$C$4:$M$4,0),-1)),0) -> 0 | AV10: =IFERROR(INDEX(镶嵌库!$C$5:$M$13,基础面板属性!$D10+1,IF(LEFT(基础面板属性!$C10,2)&"值"=基础面板属性!AV$1,MATCH(基础面板属性!$C10,镶嵌库!$C$4:$M$4,0),-1)),0) -> 0 | AW10: =IFERROR(INDEX(镶嵌库!$C$5:$M$13,基础面板属性!$D10+1,IF(LEFT(基础面板属性!$C10,2)&"值"=基础面板属性!AW$1,MATCH(基础面板属性!$C10,镶嵌库!$C$4:$M$4,0),-1)),0) -> 0 | AX10: =IFERROR(INDEX(镶嵌库!$C$5:$M$13,基础面板属性!$D10+1,IF(LEFT(基础面板属性!$C10,2)&"值"=基础面板属性!AX$1,MATCH(基础面板属性!$C10,镶嵌库!$C$4:$M$4,0),-1)),0) -> 0 | AY10: =IFERROR(INDEX(镶嵌库!$C$5:$M$13,基础面板属性!$D10+1,IF(LEFT(基础面板属性!$C10,2)&"值"=基础面板属性!AY$1,MATCH(基础面板属性!$C10,镶嵌库!$C$4:$M$4,0),-1)),0) -> 0 | AZ10: =IFERROR(INDEX(镶嵌库!$C$5:$M$13,基础面板属性!$D10+1,IF(LEFT(基础面板属性!$C10,2)&"值"=基础面板属性!AZ$1,MATCH(基础面板属性!$C10,镶嵌库!$C$4:$M$4,0),-1)),0) -> 0 | BA10: =IFERROR(INDEX(镶嵌库!$C$5:$M$13,基础面板属性!$D10+1,IF(LEFT(基础面板属性!$C10,2)&"值"=基础面板属性!BA$1,MATCH(基础面板属性!$C10,镶嵌库!$C$4:$M$4,0),-1)),0) -> 0 | BB10: =IFERROR(INDEX(镶嵌库!$C$5:$M$13,基础面板属性!$D10+1,IF(LEFT(基础面板属性!$C10,2)&"值"=基础面板属性!BB$1,MATCH(基础面板属性!$C10,镶嵌库!$C$4:$M$4,0),-1)),0) -> 0 | ... BD10: =IFERROR(INDEX(镶嵌库!$C$5:$M$13,基础面板属性!$D10+1,IF(LEFT(基础面板属性!$C10,2)&"值"=基础面板属性!BD$1,MATCH(基础面板属性!$C10,镶嵌库!$C$4:$M$4,0),-1)),0) -> 0
A11: =A9 -> 衣服 | B11: 衣服五行石孔2 | C11: =配装计算器!B10 -> 会效孔 | D11: =IF(C11="",0,IF(配装计算器!$K$32<>"不使用",镶嵌库!$Y$17,IFERROR(1*(LEFT(配装计算器!C10,1)),0))) -> 8 | E11: =IFERROR(INDEX(镶嵌库!$C$5:$M$13,基础面板属性!$D11+1,IF(LEFT(基础面板属性!$C11,2)&"值"=基础面板属性!E$1,MATCH(基础面板属性!$C11,镶嵌库!$C$4:$M$4,0),-1)),0) -> 0 | F11: =IFERROR(INDEX(镶嵌库!$C$5:$M$13,基础面板属性!$D11+1,IF(LEFT(基础面板属性!$C11,2)&"值"=基础面板属性!F$1,MATCH(基础面板属性!$C11,镶嵌库!$C$4:$M$4,0),-1)),0) -> 0 | G11: =IFERROR(INDEX(镶嵌库!$C$5:$M$13,基础面板属性!$D11+1,IF(LEFT(基础面板属性!$C11,2)&"值"=基础面板属性!G$1,MATCH(基础面板属性!$C11,镶嵌库!$C$4:$M$4,0),-1)),0) -> 0 | H11: =IFERROR(INDEX(镶嵌库!$C$5:$M$13,基础面板属性!$D11+1,IF(LEFT(基础面板属性!$C11,2)&"值"=基础面板属性!H$1,MATCH(基础面板属性!$C11,镶嵌库!$C$4:$M$4,0),-1)),0) -> 0 | I11: =IFERROR(INDEX(镶嵌库!$C$5:$M$13,基础面板属性!$D11+1,IF(LEFT(基础面板属性!$C11,2)&"值"=基础面板属性!I$1,MATCH(基础面板属性!$C11,镶嵌库!$C$4:$M$4,0),-1)),0) -> 0 | J11: =IFERROR(INDEX(镶嵌库!$C$5:$M$13,基础面板属性!$D11+1,IF(LEFT(基础面板属性!$C11,2)&"值"=基础面板属性!J$1,MATCH(基础面板属性!$C11,镶嵌库!$C$4:$M$4,0),-1)),0) -> 0 | K11: =IFERROR(INDEX(镶嵌库!$C$5:$M$13,基础面板属性!$D11+1,IF(LEFT(基础面板属性!$C11,2)&"值"=基础面板属性!K$1,MATCH(基础面板属性!$C11,镶嵌库!$C$4:$M$4,0),-1)),0) -> 0 | L11: =IFERROR(INDEX(镶嵌库!$C$5:$M$13,基础面板属性!$D11+1,IF(LEFT(基础面板属性!$C11,2)&"值"=基础面板属性!L$1,MATCH(基础面板属性!$C11,镶嵌库!$C$4:$M$4,0),-1)),0) -> 0 | ... AP11: =IFERROR(INDEX(镶嵌库!$C$5:$M$13,基础面板属性!$D11+1,IF(LEFT(基础面板属性!$C11,2)&"值"=基础面板属性!AP$1,MATCH(基础面板属性!$C11,镶嵌库!$C$4:$M$4,0),-1)),0) -> 0 | AU11: =IFERROR(INDEX(镶嵌库!$C$5:$M$13,基础面板属性!$D11+1,IF(LEFT(基础面板属性!$C11,2)&"值"=基础面板属性!AU$1,MATCH(基础面板属性!$C11,镶嵌库!$C$4:$M$4,0),-1)),0) -> 0 | AV11: =IFERROR(INDEX(镶嵌库!$C$5:$M$13,基础面板属性!$D11+1,IF(LEFT(基础面板属性!$C11,2)&"值"=基础面板属性!AV$1,MATCH(基础面板属性!$C11,镶嵌库!$C$4:$M$4,0),-1)),0) -> 0 | AW11: =IFERROR(INDEX(镶嵌库!$C$5:$M$13,基础面板属性!$D11+1,IF(LEFT(基础面板属性!$C11,2)&"值"=基础面板属性!AW$1,MATCH(基础面板属性!$C11,镶嵌库!$C$4:$M$4,0),-1)),0) -> 0 | AX11: =IFERROR(INDEX(镶嵌库!$C$5:$M$13,基础面板属性!$D11+1,IF(LEFT(基础面板属性!$C11,2)&"值"=基础面板属性!AX$1,MATCH(基础面板属性!$C11,镶嵌库!$C$4:$M$4,0),-1)),0) -> 0 | AY11: =IFERROR(INDEX(镶嵌库!$C$5:$M$13,基础面板属性!$D11+1,IF(LEFT(基础面板属性!$C11,2)&"值"=基础面板属性!AY$1,MATCH(基础面板属性!$C11,镶嵌库!$C$4:$M$4,0),-1)),0) -> 0 | AZ11: =IFERROR(INDEX(镶嵌库!$C$5:$M$13,基础面板属性!$D11+1,IF(LEFT(基础面板属性!$C11,2)&"值"=基础面板属性!AZ$1,MATCH(基础面板属性!$C11,镶嵌库!$C$4:$M$4,0),-1)),0) -> 0 | BA11: =IFERROR(INDEX(镶嵌库!$C$5:$M$13,基础面板属性!$D11+1,IF(LEFT(基础面板属性!$C11,2)&"值"=基础面板属性!BA$1,MATCH(基础面板属性!$C11,镶嵌库!$C$4:$M$4,0),-1)),0) -> 0 | BB11: =IFERROR(INDEX(镶嵌库!$C$5:$M$13,基础面板属性!$D11+1,IF(LEFT(基础面板属性!$C11,2)&"值"=基础面板属性!BB$1,MATCH(基础面板属性!$C11,镶嵌库!$C$4:$M$4,0),-1)),0) -> 0 | ... BD11: =IFERROR(INDEX(镶嵌库!$C$5:$M$13,基础面板属性!$D11+1,IF(LEFT(基础面板属性!$C11,2)&"值"=基础面板属性!BD$1,MATCH(基础面板属性!$C11,镶嵌库!$C$4:$M$4,0),-1)),0) -> 0
A12: =A9 -> 衣服 | B12: 衣服基础附魔 | C12: =IF(附魔库!$W$6="气血","基础气血值",附魔库!$W$6&"值") -> 无双值 | D12: =附魔库!X6 -> 978 | E12: =IF(OR($C12=E$1,$C12&"大"=E$1,$C12&"小"=E$1),$D12,0) -> 0 | F12: =IF(OR($C12=F$1,$C12&"大"=F$1,$C12&"小"=F$1),$D12,0) -> 0 | G12: =IF(OR($C12=G$1,$C12&"大"=G$1,$C12&"小"=G$1),$D12,0) -> 0 | H12: =IF(OR($C12=H$1,$C12&"大"=H$1,$C12&"小"=H$1),$D12,0) -> 0 | I12: =IF(OR($C12=I$1,$C12&"大"=I$1,$C12&"小"=I$1),$D12,0) -> 0 | J12: =IF(OR($C12=J$1,$C12&"大"=J$1,$C12&"小"=J$1),$D12,0) -> 0 | K12: =IF(OR($C12=K$1,$C12&"大"=K$1,$C12&"小"=K$1),$D12,0) -> 0 | L12: =IF(OR($C12=L$1,$C12&"大"=L$1,$C12&"小"=L$1),$D12,0) -> 0 | ... AP12: =IF(OR($C12=AP$1,$C12&"大"=AP$1,$C12&"小"=AP$1),$D12,0) -> 0 | AU12: =IF(OR($C12=AU$1,$C12&"大"=AU$1,$C12&"小"=AU$1),$D12,0) -> 0 | AV12: =IF(OR($C12=AV$1,$C12&"大"=AV$1,$C12&"小"=AV$1),$D12,0) -> 0 | AW12: =IF(OR($C12=AW$1,$C12&"大"=AW$1,$C12&"小"=AW$1),$D12,0) -> 0 | AX12: =IF(OR($C12=AX$1,$C12&"大"=AX$1,$C12&"小"=AX$1),$D12,0) -> 0 | AY12: =IF(OR($C12=AY$1,$C12&"大"=AY$1,$C12&"小"=AY$1),$D12,0) -> 0 | AZ12: =IF(OR($C12=AZ$1,$C12&"大"=AZ$1,$C12&"小"=AZ$1),$D12,0) -> 0 | BA12: =IF(OR($C12=BA$1,$C12&"大"=BA$1,$C12&"小"=BA$1),$D12,0) -> 0 | BB12: =IF(OR($C12=BB$1,$C12&"大"=BB$1,$C12&"小"=BB$1),$D12,0) -> 0 | ... BD12: =IF(OR($C12=BD$1,$C12&"大"=BD$1,$C12&"小"=BD$1),$D12,0) -> 0
A13: =A9 -> 衣服 | B13: 衣服大附魔
A14: 腰带 | B14: 腰带装备 | C14: =配装计算器!C12 -> 凌月游(41400特效精简破无) | E14: =装备选择!AV4 -> 17103 | M14: =装备选择!AW4 -> 0 | S14: =装备选择!AY4 -> 2112 | W14: =装备选择!AZ4 -> 0 | Z14: =装备选择!BA4 -> 0 | AC14: =装备选择!BB4 -> 30319 | AG14: =装备选择!BF4 -> 0 | AH14: =装备选择!BC4 -> 0 | AK14: =装备选择!BD4 -> 9329 | AP14: =装备选择!BE4 -> 0 | AU14: =装备选择!BH4 -> 0 | AV14: =装备选择!BI4 -> 0
A15: =A14 -> 腰带 | B15: 腰带五行石孔1 | C15: =配装计算器!B14 -> 破防孔 | D15: =IF(C15="",0,IF(配装计算器!$K$32<>"不使用",镶嵌库!$Y$17,IFERROR(1*(LEFT(配装计算器!C14,1)),0))) -> 8 | E15: =IFERROR(INDEX(镶嵌库!$C$5:$M$13,基础面板属性!$D15+1,IF(LEFT(基础面板属性!$C15,2)&"值"=基础面板属性!E$1,MATCH(基础面板属性!$C15,镶嵌库!$C$4:$M$4,0),-1)),0) -> 0 | F15: =IFERROR(INDEX(镶嵌库!$C$5:$M$13,基础面板属性!$D15+1,IF(LEFT(基础面板属性!$C15,2)&"值"=基础面板属性!F$1,MATCH(基础面板属性!$C15,镶嵌库!$C$4:$M$4,0),-1)),0) -> 0 | G15: =IFERROR(INDEX(镶嵌库!$C$5:$M$13,基础面板属性!$D15+1,IF(LEFT(基础面板属性!$C15,2)&"值"=基础面板属性!G$1,MATCH(基础面板属性!$C15,镶嵌库!$C$4:$M$4,0),-1)),0) -> 0 | H15: =IFERROR(INDEX(镶嵌库!$C$5:$M$13,基础面板属性!$D15+1,IF(LEFT(基础面板属性!$C15,2)&"值"=基础面板属性!H$1,MATCH(基础面板属性!$C15,镶嵌库!$C$4:$M$4,0),-1)),0) -> 0 | I15: =IFERROR(INDEX(镶嵌库!$C$5:$M$13,基础面板属性!$D15+1,IF(LEFT(基础面板属性!$C15,2)&"值"=基础面板属性!I$1,MATCH(基础面板属性!$C15,镶嵌库!$C$4:$M$4,0),-1)),0) -> 0 | J15: =IFERROR(INDEX(镶嵌库!$C$5:$M$13,基础面板属性!$D15+1,IF(LEFT(基础面板属性!$C15,2)&"值"=基础面板属性!J$1,MATCH(基础面板属性!$C15,镶嵌库!$C$4:$M$4,0),-1)),0) -> 0 | K15: =IFERROR(INDEX(镶嵌库!$C$5:$M$13,基础面板属性!$D15+1,IF(LEFT(基础面板属性!$C15,2)&"值"=基础面板属性!K$1,MATCH(基础面板属性!$C15,镶嵌库!$C$4:$M$4,0),-1)),0) -> 0 | L15: =IFERROR(INDEX(镶嵌库!$C$5:$M$13,基础面板属性!$D15+1,IF(LEFT(基础面板属性!$C15,2)&"值"=基础面板属性!L$1,MATCH(基础面板属性!$C15,镶嵌库!$C$4:$M$4,0),-1)),0) -> 0 | ... AP15: =IFERROR(INDEX(镶嵌库!$C$5:$M$13,基础面板属性!$D15+1,IF(LEFT(基础面板属性!$C15,2)&"值"=基础面板属性!AP$1,MATCH(基础面板属性!$C15,镶嵌库!$C$4:$M$4,0),-1)),0) -> 0 | AU15: =IFERROR(INDEX(镶嵌库!$C$5:$M$13,基础面板属性!$D15+1,IF(LEFT(基础面板属性!$C15,2)&"值"=基础面板属性!AU$1,MATCH(基础面板属性!$C15,镶嵌库!$C$4:$M$4,0),-1)),0) -> 0 | AV15: =IFERROR(INDEX(镶嵌库!$C$5:$M$13,基础面板属性!$D15+1,IF(LEFT(基础面板属性!$C15,2)&"值"=基础面板属性!AV$1,MATCH(基础面板属性!$C15,镶嵌库!$C$4:$M$4,0),-1)),0) -> 0 | AW15: =IFERROR(INDEX(镶嵌库!$C$5:$M$13,基础面板属性!$D15+1,IF(LEFT(基础面板属性!$C15,2)&"值"=基础面板属性!AW$1,MATCH(基础面板属性!$C15,镶嵌库!$C$4:$M$4,0),-1)),0) -> 0 | AX15: =IFERROR(INDEX(镶嵌库!$C$5:$M$13,基础面板属性!$D15+1,IF(LEFT(基础面板属性!$C15,2)&"值"=基础面板属性!AX$1,MATCH(基础面板属性!$C15,镶嵌库!$C$4:$M$4,0),-1)),0) -> 0 | AY15: =IFERROR(INDEX(镶嵌库!$C$5:$M$13,基础面板属性!$D15+1,IF(LEFT(基础面板属性!$C15,2)&"值"=基础面板属性!AY$1,MATCH(基础面板属性!$C15,镶嵌库!$C$4:$M$4,0),-1)),0) -> 0 | AZ15: =IFERROR(INDEX(镶嵌库!$C$5:$M$13,基础面板属性!$D15+1,IF(LEFT(基础面板属性!$C15,2)&"值"=基础面板属性!AZ$1,MATCH(基础面板属性!$C15,镶嵌库!$C$4:$M$4,0),-1)),0) -> 0 | BA15: =IFERROR(INDEX(镶嵌库!$C$5:$M$13,基础面板属性!$D15+1,IF(LEFT(基础面板属性!$C15,2)&"值"=基础面板属性!BA$1,MATCH(基础面板属性!$C15,镶嵌库!$C$4:$M$4,0),-1)),0) -> 0 | BB15: =IFERROR(INDEX(镶嵌库!$C$5:$M$13,基础面板属性!$D15+1,IF(LEFT(基础面板属性!$C15,2)&"值"=基础面板属性!BB$1,MATCH(基础面板属性!$C15,镶嵌库!$C$4:$M$4,0),-1)),0) -> 0 | ... BD15: =IFERROR(INDEX(镶嵌库!$C$5:$M$13,基础面板属性!$D15+1,IF(LEFT(基础面板属性!$C15,2)&"值"=基础面板属性!BD$1,MATCH(基础面板属性!$C15,镶嵌库!$C$4:$M$4,0),-1)),0) -> 0
A16: =A14 -> 腰带 | B16: 腰带五行石孔2 | C16: =配装计算器!B15 -> 攻击孔 | D16: =IF(C16="",0,IF(配装计算器!$K$32<>"不使用",镶嵌库!$Y$17,IFERROR(1*(LEFT(配装计算器!C15,1)),0))) -> 8 | E16: =IFERROR(INDEX(镶嵌库!$C$5:$M$13,基础面板属性!$D16+1,IF(LEFT(基础面板属性!$C16,2)&"值"=基础面板属性!E$1,MATCH(基础面板属性!$C16,镶嵌库!$C$4:$M$4,0),-1)),0) -> 0 | F16: =IFERROR(INDEX(镶嵌库!$C$5:$M$13,基础面板属性!$D16+1,IF(LEFT(基础面板属性!$C16,2)&"值"=基础面板属性!F$1,MATCH(基础面板属性!$C16,镶嵌库!$C$4:$M$4,0),-1)),0) -> 0 | G16: =IFERROR(INDEX(镶嵌库!$C$5:$M$13,基础面板属性!$D16+1,IF(LEFT(基础面板属性!$C16,2)&"值"=基础面板属性!G$1,MATCH(基础面板属性!$C16,镶嵌库!$C$4:$M$4,0),-1)),0) -> 0 | H16: =IFERROR(INDEX(镶嵌库!$C$5:$M$13,基础面板属性!$D16+1,IF(LEFT(基础面板属性!$C16,2)&"值"=基础面板属性!H$1,MATCH(基础面板属性!$C16,镶嵌库!$C$4:$M$4,0),-1)),0) -> 0 | I16: =IFERROR(INDEX(镶嵌库!$C$5:$M$13,基础面板属性!$D16+1,IF(LEFT(基础面板属性!$C16,2)&"值"=基础面板属性!I$1,MATCH(基础面板属性!$C16,镶嵌库!$C$4:$M$4,0),-1)),0) -> 0 | J16: =IFERROR(INDEX(镶嵌库!$C$5:$M$13,基础面板属性!$D16+1,IF(LEFT(基础面板属性!$C16,2)&"值"=基础面板属性!J$1,MATCH(基础面板属性!$C16,镶嵌库!$C$4:$M$4,0),-1)),0) -> 0 | K16: =IFERROR(INDEX(镶嵌库!$C$5:$M$13,基础面板属性!$D16+1,IF(LEFT(基础面板属性!$C16,2)&"值"=基础面板属性!K$1,MATCH(基础面板属性!$C16,镶嵌库!$C$4:$M$4,0),-1)),0) -> 0 | L16: =IFERROR(INDEX(镶嵌库!$C$5:$M$13,基础面板属性!$D16+1,IF(LEFT(基础面板属性!$C16,2)&"值"=基础面板属性!L$1,MATCH(基础面板属性!$C16,镶嵌库!$C$4:$M$4,0),-1)),0) -> 0 | ... AP16: =IFERROR(INDEX(镶嵌库!$C$5:$M$13,基础面板属性!$D16+1,IF(LEFT(基础面板属性!$C16,2)&"值"=基础面板属性!AP$1,MATCH(基础面板属性!$C16,镶嵌库!$C$4:$M$4,0),-1)),0) -> 0 | AU16: =IFERROR(INDEX(镶嵌库!$C$5:$M$13,基础面板属性!$D16+1,IF(LEFT(基础面板属性!$C16,2)&"值"=基础面板属性!AU$1,MATCH(基础面板属性!$C16,镶嵌库!$C$4:$M$4,0),-1)),0) -> 0 | AV16: =IFERROR(INDEX(镶嵌库!$C$5:$M$13,基础面板属性!$D16+1,IF(LEFT(基础面板属性!$C16,2)&"值"=基础面板属性!AV$1,MATCH(基础面板属性!$C16,镶嵌库!$C$4:$M$4,0),-1)),0) -> 0 | AW16: =IFERROR(INDEX(镶嵌库!$C$5:$M$13,基础面板属性!$D16+1,IF(LEFT(基础面板属性!$C16,2)&"值"=基础面板属性!AW$1,MATCH(基础面板属性!$C16,镶嵌库!$C$4:$M$4,0),-1)),0) -> 0 | AX16: =IFERROR(INDEX(镶嵌库!$C$5:$M$13,基础面板属性!$D16+1,IF(LEFT(基础面板属性!$C16,2)&"值"=基础面板属性!AX$1,MATCH(基础面板属性!$C16,镶嵌库!$C$4:$M$4,0),-1)),0) -> 0 | AY16: =IFERROR(INDEX(镶嵌库!$C$5:$M$13,基础面板属性!$D16+1,IF(LEFT(基础面板属性!$C16,2)&"值"=基础面板属性!AY$1,MATCH(基础面板属性!$C16,镶嵌库!$C$4:$M$4,0),-1)),0) -> 0 | AZ16: =IFERROR(INDEX(镶嵌库!$C$5:$M$13,基础面板属性!$D16+1,IF(LEFT(基础面板属性!$C16,2)&"值"=基础面板属性!AZ$1,MATCH(基础面板属性!$C16,镶嵌库!$C$4:$M$4,0),-1)),0) -> 0 | BA16: =IFERROR(INDEX(镶嵌库!$C$5:$M$13,基础面板属性!$D16+1,IF(LEFT(基础面板属性!$C16,2)&"值"=基础面板属性!BA$1,MATCH(基础面板属性!$C16,镶嵌库!$C$4:$M$4,0),-1)),0) -> 0 | BB16: =IFERROR(INDEX(镶嵌库!$C$5:$M$13,基础面板属性!$D16+1,IF(LEFT(基础面板属性!$C16,2)&"值"=基础面板属性!BB$1,MATCH(基础面板属性!$C16,镶嵌库!$C$4:$M$4,0),-1)),0) -> 0 | ... BD16: =IFERROR(INDEX(镶嵌库!$C$5:$M$13,基础面板属性!$D16+1,IF(LEFT(基础面板属性!$C16,2)&"值"=基础面板属性!BD$1,MATCH(基础面板属性!$C16,镶嵌库!$C$4:$M$4,0),-1)),0) -> 0
A17: =A14 -> 腰带 | B17: 腰带基础附魔 | C17: =IF(附魔库!$W$7="气血","基础气血值",附魔库!$W$7&"值") -> 无双值 | D17: =附魔库!X7 -> 978 | E17: =IF(OR($C17=E$1,$C17&"大"=E$1,$C17&"小"=E$1),$D17,0) -> 0 | F17: =IF(OR($C17=F$1,$C17&"大"=F$1,$C17&"小"=F$1),$D17,0) -> 0 | G17: =IF(OR($C17=G$1,$C17&"大"=G$1,$C17&"小"=G$1),$D17,0) -> 0 | H17: =IF(OR($C17=H$1,$C17&"大"=H$1,$C17&"小"=H$1),$D17,0) -> 0 | I17: =IF(OR($C17=I$1,$C17&"大"=I$1,$C17&"小"=I$1),$D17,0) -> 0 | J17: =IF(OR($C17=J$1,$C17&"大"=J$1,$C17&"小"=J$1),$D17,0) -> 0 | K17: =IF(OR($C17=K$1,$C17&"大"=K$1,$C17&"小"=K$1),$D17,0) -> 0 | L17: =IF(OR($C17=L$1,$C17&"大"=L$1,$C17&"小"=L$1),$D17,0) -> 0 | ... AP17: =IF(OR($C17=AP$1,$C17&"大"=AP$1,$C17&"小"=AP$1),$D17,0) -> 0 | AU17: =IF(OR($C17=AU$1,$C17&"大"=AU$1,$C17&"小"=AU$1),$D17,0) -> 0 | AV17: =IF(OR($C17=AV$1,$C17&"大"=AV$1,$C17&"小"=AV$1),$D17,0) -> 0 | AW17: =IF(OR($C17=AW$1,$C17&"大"=AW$1,$C17&"小"=AW$1),$D17,0) -> 0 | AX17: =IF(OR($C17=AX$1,$C17&"大"=AX$1,$C17&"小"=AX$1),$D17,0) -> 0 | AY17: =IF(OR($C17=AY$1,$C17&"大"=AY$1,$C17&"小"=AY$1),$D17,0) -> 0 | AZ17: =IF(OR($C17=AZ$1,$C17&"大"=AZ$1,$C17&"小"=AZ$1),$D17,0) -> 0 | BA17: =IF(OR($C17=BA$1,$C17&"大"=BA$1,$C17&"小"=BA$1),$D17,0) -> 0 | BB17: =IF(OR($C17=BB$1,$C17&"大"=BB$1,$C17&"小"=BB$1),$D17,0) -> 0 | ... BD17: =IF(OR($C17=BD$1,$C17&"大"=BD$1,$C17&"小"=BD$1),$D17,0) -> 0
A18: =A14 -> 腰带 | B18: 腰带大附魔
A19: 护腕 | B19: 护腕装备 | C19: =配装计算器!I2 -> 野渡护腕·引(41400精简招无) | E19: =装备选择!AV5 -> 17103 | M19: =装备选择!AW5 -> 0 | S19: =装备选择!AY5 -> 4226 | W19: =装备选择!AZ5 -> 0 | Z19: =装备选择!BA5 -> 0 | AC19: =装备选择!BB5 -> 0 | AG19: =装备选择!BF5 -> 0 | AH19: =装备选择!BC5 -> 22157 | AK19: =装备选择!BD5 -> 11662 | AP19: =装备选择!BE5 -> 0 | AU19: =装备选择!BH5 -> 0 | AV19: =装备选择!BI5 -> 0
A20: =A19 -> 护腕 | B20: 护腕五行石孔1 | C20: =配装计算器!H4 -> 破招孔 | D20: =IF(C20="",0,IF(配装计算器!$K$32<>"不使用",镶嵌库!$Y$17,IFERROR(1*(LEFT(配装计算器!I4,1)),0))) -> 8 | E20: =IFERROR(INDEX(镶嵌库!$C$5:$M$13,基础面板属性!$D20+1,IF(LEFT(基础面板属性!$C20,2)&"值"=基础面板属性!E$1,MATCH(基础面板属性!$C20,镶嵌库!$C$4:$M$4,0),-1)),0) -> 0 | F20: =IFERROR(INDEX(镶嵌库!$C$5:$M$13,基础面板属性!$D20+1,IF(LEFT(基础面板属性!$C20,2)&"值"=基础面板属性!F$1,MATCH(基础面板属性!$C20,镶嵌库!$C$4:$M$4,0),-1)),0) -> 0 | G20: =IFERROR(INDEX(镶嵌库!$C$5:$M$13,基础面板属性!$D20+1,IF(LEFT(基础面板属性!$C20,2)&"值"=基础面板属性!G$1,MATCH(基础面板属性!$C20,镶嵌库!$C$4:$M$4,0),-1)),0) -> 0 | H20: =IFERROR(INDEX(镶嵌库!$C$5:$M$13,基础面板属性!$D20+1,IF(LEFT(基础面板属性!$C20,2)&"值"=基础面板属性!H$1,MATCH(基础面板属性!$C20,镶嵌库!$C$4:$M$4,0),-1)),0) -> 0 | I20: =IFERROR(INDEX(镶嵌库!$C$5:$M$13,基础面板属性!$D20+1,IF(LEFT(基础面板属性!$C20,2)&"值"=基础面板属性!I$1,MATCH(基础面板属性!$C20,镶嵌库!$C$4:$M$4,0),-1)),0) -> 0 | J20: =IFERROR(INDEX(镶嵌库!$C$5:$M$13,基础面板属性!$D20+1,IF(LEFT(基础面板属性!$C20,2)&"值"=基础面板属性!J$1,MATCH(基础面板属性!$C20,镶嵌库!$C$4:$M$4,0),-1)),0) -> 0 | K20: =IFERROR(INDEX(镶嵌库!$C$5:$M$13,基础面板属性!$D20+1,IF(LEFT(基础面板属性!$C20,2)&"值"=基础面板属性!K$1,MATCH(基础面板属性!$C20,镶嵌库!$C$4:$M$4,0),-1)),0) -> 0 | L20: =IFERROR(INDEX(镶嵌库!$C$5:$M$13,基础面板属性!$D20+1,IF(LEFT(基础面板属性!$C20,2)&"值"=基础面板属性!L$1,MATCH(基础面板属性!$C20,镶嵌库!$C$4:$M$4,0),-1)),0) -> 0 | ... AP20: =IFERROR(INDEX(镶嵌库!$C$5:$M$13,基础面板属性!$D20+1,IF(LEFT(基础面板属性!$C20,2)&"值"=基础面板属性!AP$1,MATCH(基础面板属性!$C20,镶嵌库!$C$4:$M$4,0),-1)),0) -> 0 | AU20: =IFERROR(INDEX(镶嵌库!$C$5:$M$13,基础面板属性!$D20+1,IF(LEFT(基础面板属性!$C20,2)&"值"=基础面板属性!AU$1,MATCH(基础面板属性!$C20,镶嵌库!$C$4:$M$4,0),-1)),0) -> 0 | AV20: =IFERROR(INDEX(镶嵌库!$C$5:$M$13,基础面板属性!$D20+1,IF(LEFT(基础面板属性!$C20,2)&"值"=基础面板属性!AV$1,MATCH(基础面板属性!$C20,镶嵌库!$C$4:$M$4,0),-1)),0) -> 0 | AW20: =IFERROR(INDEX(镶嵌库!$C$5:$M$13,基础面板属性!$D20+1,IF(LEFT(基础面板属性!$C20,2)&"值"=基础面板属性!AW$1,MATCH(基础面板属性!$C20,镶嵌库!$C$4:$M$4,0),-1)),0) -> 0 | AX20: =IFERROR(INDEX(镶嵌库!$C$5:$M$13,基础面板属性!$D20+1,IF(LEFT(基础面板属性!$C20,2)&"值"=基础面板属性!AX$1,MATCH(基础面板属性!$C20,镶嵌库!$C$4:$M$4,0),-1)),0) -> 0 | AY20: =IFERROR(INDEX(镶嵌库!$C$5:$M$13,基础面板属性!$D20+1,IF(LEFT(基础面板属性!$C20,2)&"值"=基础面板属性!AY$1,MATCH(基础面板属性!$C20,镶嵌库!$C$4:$M$4,0),-1)),0) -> 0 | AZ20: =IFERROR(INDEX(镶嵌库!$C$5:$M$13,基础面板属性!$D20+1,IF(LEFT(基础面板属性!$C20,2)&"值"=基础面板属性!AZ$1,MATCH(基础面板属性!$C20,镶嵌库!$C$4:$M$4,0),-1)),0) -> 0 | BA20: =IFERROR(INDEX(镶嵌库!$C$5:$M$13,基础面板属性!$D20+1,IF(LEFT(基础面板属性!$C20,2)&"值"=基础面板属性!BA$1,MATCH(基础面板属性!$C20,镶嵌库!$C$4:$M$4,0),-1)),0) -> 0 | BB20: =IFERROR(INDEX(镶嵌库!$C$5:$M$13,基础面板属性!$D20+1,IF(LEFT(基础面板属性!$C20,2)&"值"=基础面板属性!BB$1,MATCH(基础面板属性!$C20,镶嵌库!$C$4:$M$4,0),-1)),0) -> 0 | ... BD20: =IFERROR(INDEX(镶嵌库!$C$5:$M$13,基础面板属性!$D20+1,IF(LEFT(基础面板属性!$C20,2)&"值"=基础面板属性!BD$1,MATCH(基础面板属性!$C20,镶嵌库!$C$4:$M$4,0),-1)),0) -> 0
A21: =A19 -> 护腕 | B21: 护腕五行石孔2 | C21: =配装计算器!H5 -> 无双孔 | D21: =IF(C21="",0,IF(配装计算器!$K$32<>"不使用",镶嵌库!$Y$17,IFERROR(1*(LEFT(配装计算器!I5,1)),0))) -> 8 | E21: =IFERROR(INDEX(镶嵌库!$C$5:$M$13,基础面板属性!$D21+1,IF(LEFT(基础面板属性!$C21,2)&"值"=基础面板属性!E$1,MATCH(基础面板属性!$C21,镶嵌库!$C$4:$M$4,0),-1)),0) -> 0 | F21: =IFERROR(INDEX(镶嵌库!$C$5:$M$13,基础面板属性!$D21+1,IF(LEFT(基础面板属性!$C21,2)&"值"=基础面板属性!F$1,MATCH(基础面板属性!$C21,镶嵌库!$C$4:$M$4,0),-1)),0) -> 0 | G21: =IFERROR(INDEX(镶嵌库!$C$5:$M$13,基础面板属性!$D21+1,IF(LEFT(基础面板属性!$C21,2)&"值"=基础面板属性!G$1,MATCH(基础面板属性!$C21,镶嵌库!$C$4:$M$4,0),-1)),0) -> 0 | H21: =IFERROR(INDEX(镶嵌库!$C$5:$M$13,基础面板属性!$D21+1,IF(LEFT(基础面板属性!$C21,2)&"值"=基础面板属性!H$1,MATCH(基础面板属性!$C21,镶嵌库!$C$4:$M$4,0),-1)),0) -> 0 | I21: =IFERROR(INDEX(镶嵌库!$C$5:$M$13,基础面板属性!$D21+1,IF(LEFT(基础面板属性!$C21,2)&"值"=基础面板属性!I$1,MATCH(基础面板属性!$C21,镶嵌库!$C$4:$M$4,0),-1)),0) -> 0 | J21: =IFERROR(INDEX(镶嵌库!$C$5:$M$13,基础面板属性!$D21+1,IF(LEFT(基础面板属性!$C21,2)&"值"=基础面板属性!J$1,MATCH(基础面板属性!$C21,镶嵌库!$C$4:$M$4,0),-1)),0) -> 0 | K21: =IFERROR(INDEX(镶嵌库!$C$5:$M$13,基础面板属性!$D21+1,IF(LEFT(基础面板属性!$C21,2)&"值"=基础面板属性!K$1,MATCH(基础面板属性!$C21,镶嵌库!$C$4:$M$4,0),-1)),0) -> 0 | L21: =IFERROR(INDEX(镶嵌库!$C$5:$M$13,基础面板属性!$D21+1,IF(LEFT(基础面板属性!$C21,2)&"值"=基础面板属性!L$1,MATCH(基础面板属性!$C21,镶嵌库!$C$4:$M$4,0),-1)),0) -> 0 | ... AP21: =IFERROR(INDEX(镶嵌库!$C$5:$M$13,基础面板属性!$D21+1,IF(LEFT(基础面板属性!$C21,2)&"值"=基础面板属性!AP$1,MATCH(基础面板属性!$C21,镶嵌库!$C$4:$M$4,0),-1)),0) -> 0 | AU21: =IFERROR(INDEX(镶嵌库!$C$5:$M$13,基础面板属性!$D21+1,IF(LEFT(基础面板属性!$C21,2)&"值"=基础面板属性!AU$1,MATCH(基础面板属性!$C21,镶嵌库!$C$4:$M$4,0),-1)),0) -> 0 | AV21: =IFERROR(INDEX(镶嵌库!$C$5:$M$13,基础面板属性!$D21+1,IF(LEFT(基础面板属性!$C21,2)&"值"=基础面板属性!AV$1,MATCH(基础面板属性!$C21,镶嵌库!$C$4:$M$4,0),-1)),0) -> 0 | AW21: =IFERROR(INDEX(镶嵌库!$C$5:$M$13,基础面板属性!$D21+1,IF(LEFT(基础面板属性!$C21,2)&"值"=基础面板属性!AW$1,MATCH(基础面板属性!$C21,镶嵌库!$C$4:$M$4,0),-1)),0) -> 0 | AX21: =IFERROR(INDEX(镶嵌库!$C$5:$M$13,基础面板属性!$D21+1,IF(LEFT(基础面板属性!$C21,2)&"值"=基础面板属性!AX$1,MATCH(基础面板属性!$C21,镶嵌库!$C$4:$M$4,0),-1)),0) -> 0 | AY21: =IFERROR(INDEX(镶嵌库!$C$5:$M$13,基础面板属性!$D21+1,IF(LEFT(基础面板属性!$C21,2)&"值"=基础面板属性!AY$1,MATCH(基础面板属性!$C21,镶嵌库!$C$4:$M$4,0),-1)),0) -> 0 | AZ21: =IFERROR(INDEX(镶嵌库!$C$5:$M$13,基础面板属性!$D21+1,IF(LEFT(基础面板属性!$C21,2)&"值"=基础面板属性!AZ$1,MATCH(基础面板属性!$C21,镶嵌库!$C$4:$M$4,0),-1)),0) -> 0 | BA21: =IFERROR(INDEX(镶嵌库!$C$5:$M$13,基础面板属性!$D21+1,IF(LEFT(基础面板属性!$C21,2)&"值"=基础面板属性!BA$1,MATCH(基础面板属性!$C21,镶嵌库!$C$4:$M$4,0),-1)),0) -> 0 | BB21: =IFERROR(INDEX(镶嵌库!$C$5:$M$13,基础面板属性!$D21+1,IF(LEFT(基础面板属性!$C21,2)&"值"=基础面板属性!BB$1,MATCH(基础面板属性!$C21,镶嵌库!$C$4:$M$4,0),-1)),0) -> 0 | ... BD21: =IFERROR(INDEX(镶嵌库!$C$5:$M$13,基础面板属性!$D21+1,IF(LEFT(基础面板属性!$C21,2)&"值"=基础面板属性!BD$1,MATCH(基础面板属性!$C21,镶嵌库!$C$4:$M$4,0),-1)),0) -> 0
A22: =A19 -> 护腕 | B22: 护腕基础附魔 | C22: =IF(附魔库!$W$8="气血","基础气血值",附魔库!$W$8&"值") -> 无双值 | D22: =附魔库!X8 -> 3279 | E22: =IF(OR($C22=E$1,$C22&"大"=E$1,$C22&"小"=E$1),$D22,0) -> 0 | F22: =IF(OR($C22=F$1,$C22&"大"=F$1,$C22&"小"=F$1),$D22,0) -> 0 | G22: =IF(OR($C22=G$1,$C22&"大"=G$1,$C22&"小"=G$1),$D22,0) -> 0 | H22: =IF(OR($C22=H$1,$C22&"大"=H$1,$C22&"小"=H$1),$D22,0) -> 0 | I22: =IF(OR($C22=I$1,$C22&"大"=I$1,$C22&"小"=I$1),$D22,0) -> 0 | J22: =IF(OR($C22=J$1,$C22&"大"=J$1,$C22&"小"=J$1),$D22,0) -> 0 | K22: =IF(OR($C22=K$1,$C22&"大"=K$1,$C22&"小"=K$1),$D22,0) -> 0 | L22: =IF(OR($C22=L$1,$C22&"大"=L$1,$C22&"小"=L$1),$D22,0) -> 0 | ... AP22: =IF(OR($C22=AP$1,$C22&"大"=AP$1,$C22&"小"=AP$1),$D22,0) -> 0 | AU22: =IF(OR($C22=AU$1,$C22&"大"=AU$1,$C22&"小"=AU$1),$D22,0) -> 0 | AV22: =IF(OR($C22=AV$1,$C22&"大"=AV$1,$C22&"小"=AV$1),$D22,0) -> 0 | AW22: =IF(OR($C22=AW$1,$C22&"大"=AW$1,$C22&"小"=AW$1),$D22,0) -> 0 | AX22: =IF(OR($C22=AX$1,$C22&"大"=AX$1,$C22&"小"=AX$1),$D22,0) -> 0 | AY22: =IF(OR($C22=AY$1,$C22&"大"=AY$1,$C22&"小"=AY$1),$D22,0) -> 0 | AZ22: =IF(OR($C22=AZ$1,$C22&"大"=AZ$1,$C22&"小"=AZ$1),$D22,0) -> 0 | BA22: =IF(OR($C22=BA$1,$C22&"大"=BA$1,$C22&"小"=BA$1),$D22,0) -> 0 | BB22: =IF(OR($C22=BB$1,$C22&"大"=BB$1,$C22&"小"=BB$1),$D22,0) -> 0 | ... BD22: =IF(OR($C22=BD$1,$C22&"大"=BD$1,$C22&"小"=BD$1),$D22,0) -> 0
A23: =A19 -> 护腕 | B23: 护腕大附魔
A24: 下装 | B24: 下装装备 | C24: =配装计算器!I7 -> 停日裤·明(41400精简会招无) | E24: =装备选择!AV6 -> 24434 | M24: =装备选择!AW6 -> 0 | S24: =装备选择!AY6 -> 8753 | W24: =装备选择!AZ6 -> 12216 | Z24: =装备选择!BA6 -> 0 | AC24: =装备选择!BB6 -> 0 | AG24: =装备选择!BF6 -> 0 | AH24: =装备选择!BC6 -> 12216 | AK24: =装备选择!BD6 -> 12216 | AP24: =装备选择!BE6 -> 0 | AU24: =装备选择!BH6 -> 0 | AV24: =装备选择!BI6 -> 0
A25: =A24 -> 下装 | B25: 下装五行石孔1 | C25: =配装计算器!H9 -> 会心孔 | D25: =IF(C25="",0,IF(配装计算器!$K$32<>"不使用",镶嵌库!$Y$17,IFERROR(1*(LEFT(配装计算器!I9,1)),0))) -> 8 | E25: =IFERROR(INDEX(镶嵌库!$C$5:$M$13,基础面板属性!$D25+1,IF(LEFT(基础面板属性!$C25,2)&"值"=基础面板属性!E$1,MATCH(基础面板属性!$C25,镶嵌库!$C$4:$M$4,0),-1)),0) -> 0 | F25: =IFERROR(INDEX(镶嵌库!$C$5:$M$13,基础面板属性!$D25+1,IF(LEFT(基础面板属性!$C25,2)&"值"=基础面板属性!F$1,MATCH(基础面板属性!$C25,镶嵌库!$C$4:$M$4,0),-1)),0) -> 0 | G25: =IFERROR(INDEX(镶嵌库!$C$5:$M$13,基础面板属性!$D25+1,IF(LEFT(基础面板属性!$C25,2)&"值"=基础面板属性!G$1,MATCH(基础面板属性!$C25,镶嵌库!$C$4:$M$4,0),-1)),0) -> 0 | H25: =IFERROR(INDEX(镶嵌库!$C$5:$M$13,基础面板属性!$D25+1,IF(LEFT(基础面板属性!$C25,2)&"值"=基础面板属性!H$1,MATCH(基础面板属性!$C25,镶嵌库!$C$4:$M$4,0),-1)),0) -> 0 | I25: =IFERROR(INDEX(镶嵌库!$C$5:$M$13,基础面板属性!$D25+1,IF(LEFT(基础面板属性!$C25,2)&"值"=基础面板属性!I$1,MATCH(基础面板属性!$C25,镶嵌库!$C$4:$M$4,0),-1)),0) -> 0 | J25: =IFERROR(INDEX(镶嵌库!$C$5:$M$13,基础面板属性!$D25+1,IF(LEFT(基础面板属性!$C25,2)&"值"=基础面板属性!J$1,MATCH(基础面板属性!$C25,镶嵌库!$C$4:$M$4,0),-1)),0) -> 0 | K25: =IFERROR(INDEX(镶嵌库!$C$5:$M$13,基础面板属性!$D25+1,IF(LEFT(基础面板属性!$C25,2)&"值"=基础面板属性!K$1,MATCH(基础面板属性!$C25,镶嵌库!$C$4:$M$4,0),-1)),0) -> 0 | L25: =IFERROR(INDEX(镶嵌库!$C$5:$M$13,基础面板属性!$D25+1,IF(LEFT(基础面板属性!$C25,2)&"值"=基础面板属性!L$1,MATCH(基础面板属性!$C25,镶嵌库!$C$4:$M$4,0),-1)),0) -> 0 | ... AP25: =IFERROR(INDEX(镶嵌库!$C$5:$M$13,基础面板属性!$D25+1,IF(LEFT(基础面板属性!$C25,2)&"值"=基础面板属性!AP$1,MATCH(基础面板属性!$C25,镶嵌库!$C$4:$M$4,0),-1)),0) -> 0 | AU25: =IFERROR(INDEX(镶嵌库!$C$5:$M$13,基础面板属性!$D25+1,IF(LEFT(基础面板属性!$C25,2)&"值"=基础面板属性!AU$1,MATCH(基础面板属性!$C25,镶嵌库!$C$4:$M$4,0),-1)),0) -> 0 | AV25: =IFERROR(INDEX(镶嵌库!$C$5:$M$13,基础面板属性!$D25+1,IF(LEFT(基础面板属性!$C25,2)&"值"=基础面板属性!AV$1,MATCH(基础面板属性!$C25,镶嵌库!$C$4:$M$4,0),-1)),0) -> 0 | AW25: =IFERROR(INDEX(镶嵌库!$C$5:$M$13,基础面板属性!$D25+1,IF(LEFT(基础面板属性!$C25,2)&"值"=基础面板属性!AW$1,MATCH(基础面板属性!$C25,镶嵌库!$C$4:$M$4,0),-1)),0) -> 0 | AX25: =IFERROR(INDEX(镶嵌库!$C$5:$M$13,基础面板属性!$D25+1,IF(LEFT(基础面板属性!$C25,2)&"值"=基础面板属性!AX$1,MATCH(基础面板属性!$C25,镶嵌库!$C$4:$M$4,0),-1)),0) -> 0 | AY25: =IFERROR(INDEX(镶嵌库!$C$5:$M$13,基础面板属性!$D25+1,IF(LEFT(基础面板属性!$C25,2)&"值"=基础面板属性!AY$1,MATCH(基础面板属性!$C25,镶嵌库!$C$4:$M$4,0),-1)),0) -> 0 | AZ25: =IFERROR(INDEX(镶嵌库!$C$5:$M$13,基础面板属性!$D25+1,IF(LEFT(基础面板属性!$C25,2)&"值"=基础面板属性!AZ$1,MATCH(基础面板属性!$C25,镶嵌库!$C$4:$M$4,0),-1)),0) -> 0 | BA25: =IFERROR(INDEX(镶嵌库!$C$5:$M$13,基础面板属性!$D25+1,IF(LEFT(基础面板属性!$C25,2)&"值"=基础面板属性!BA$1,MATCH(基础面板属性!$C25,镶嵌库!$C$4:$M$4,0),-1)),0) -> 0 | BB25: =IFERROR(INDEX(镶嵌库!$C$5:$M$13,基础面板属性!$D25+1,IF(LEFT(基础面板属性!$C25,2)&"值"=基础面板属性!BB$1,MATCH(基础面板属性!$C25,镶嵌库!$C$4:$M$4,0),-1)),0) -> 0 | ... BD25: =IFERROR(INDEX(镶嵌库!$C$5:$M$13,基础面板属性!$D25+1,IF(LEFT(基础面板属性!$C25,2)&"值"=基础面板属性!BD$1,MATCH(基础面板属性!$C25,镶嵌库!$C$4:$M$4,0),-1)),0) -> 0
A26: =A24 -> 下装 | B26: 下装五行石孔2 | C26: =配装计算器!H10 -> 无双孔 | D26: =IF(C26="",0,IF(配装计算器!$K$32<>"不使用",镶嵌库!$Y$17,IFERROR(1*(LEFT(配装计算器!I10,1)),0))) -> 8 | E26: =IFERROR(INDEX(镶嵌库!$C$5:$M$13,基础面板属性!$D26+1,IF(LEFT(基础面板属性!$C26,2)&"值"=基础面板属性!E$1,MATCH(基础面板属性!$C26,镶嵌库!$C$4:$M$4,0),-1)),0) -> 0 | F26: =IFERROR(INDEX(镶嵌库!$C$5:$M$13,基础面板属性!$D26+1,IF(LEFT(基础面板属性!$C26,2)&"值"=基础面板属性!F$1,MATCH(基础面板属性!$C26,镶嵌库!$C$4:$M$4,0),-1)),0) -> 0 | G26: =IFERROR(INDEX(镶嵌库!$C$5:$M$13,基础面板属性!$D26+1,IF(LEFT(基础面板属性!$C26,2)&"值"=基础面板属性!G$1,MATCH(基础面板属性!$C26,镶嵌库!$C$4:$M$4,0),-1)),0) -> 0 | H26: =IFERROR(INDEX(镶嵌库!$C$5:$M$13,基础面板属性!$D26+1,IF(LEFT(基础面板属性!$C26,2)&"值"=基础面板属性!H$1,MATCH(基础面板属性!$C26,镶嵌库!$C$4:$M$4,0),-1)),0) -> 0 | I26: =IFERROR(INDEX(镶嵌库!$C$5:$M$13,基础面板属性!$D26+1,IF(LEFT(基础面板属性!$C26,2)&"值"=基础面板属性!I$1,MATCH(基础面板属性!$C26,镶嵌库!$C$4:$M$4,0),-1)),0) -> 0 | J26: =IFERROR(INDEX(镶嵌库!$C$5:$M$13,基础面板属性!$D26+1,IF(LEFT(基础面板属性!$C26,2)&"值"=基础面板属性!J$1,MATCH(基础面板属性!$C26,镶嵌库!$C$4:$M$4,0),-1)),0) -> 0 | K26: =IFERROR(INDEX(镶嵌库!$C$5:$M$13,基础面板属性!$D26+1,IF(LEFT(基础面板属性!$C26,2)&"值"=基础面板属性!K$1,MATCH(基础面板属性!$C26,镶嵌库!$C$4:$M$4,0),-1)),0) -> 0 | L26: =IFERROR(INDEX(镶嵌库!$C$5:$M$13,基础面板属性!$D26+1,IF(LEFT(基础面板属性!$C26,2)&"值"=基础面板属性!L$1,MATCH(基础面板属性!$C26,镶嵌库!$C$4:$M$4,0),-1)),0) -> 0 | ... AP26: =IFERROR(INDEX(镶嵌库!$C$5:$M$13,基础面板属性!$D26+1,IF(LEFT(基础面板属性!$C26,2)&"值"=基础面板属性!AP$1,MATCH(基础面板属性!$C26,镶嵌库!$C$4:$M$4,0),-1)),0) -> 0 | AU26: =IFERROR(INDEX(镶嵌库!$C$5:$M$13,基础面板属性!$D26+1,IF(LEFT(基础面板属性!$C26,2)&"值"=基础面板属性!AU$1,MATCH(基础面板属性!$C26,镶嵌库!$C$4:$M$4,0),-1)),0) -> 0 | AV26: =IFERROR(INDEX(镶嵌库!$C$5:$M$13,基础面板属性!$D26+1,IF(LEFT(基础面板属性!$C26,2)&"值"=基础面板属性!AV$1,MATCH(基础面板属性!$C26,镶嵌库!$C$4:$M$4,0),-1)),0) -> 0 | AW26: =IFERROR(INDEX(镶嵌库!$C$5:$M$13,基础面板属性!$D26+1,IF(LEFT(基础面板属性!$C26,2)&"值"=基础面板属性!AW$1,MATCH(基础面板属性!$C26,镶嵌库!$C$4:$M$4,0),-1)),0) -> 0 | AX26: =IFERROR(INDEX(镶嵌库!$C$5:$M$13,基础面板属性!$D26+1,IF(LEFT(基础面板属性!$C26,2)&"值"=基础面板属性!AX$1,MATCH(基础面板属性!$C26,镶嵌库!$C$4:$M$4,0),-1)),0) -> 0 | AY26: =IFERROR(INDEX(镶嵌库!$C$5:$M$13,基础面板属性!$D26+1,IF(LEFT(基础面板属性!$C26,2)&"值"=基础面板属性!AY$1,MATCH(基础面板属性!$C26,镶嵌库!$C$4:$M$4,0),-1)),0) -> 0 | AZ26: =IFERROR(INDEX(镶嵌库!$C$5:$M$13,基础面板属性!$D26+1,IF(LEFT(基础面板属性!$C26,2)&"值"=基础面板属性!AZ$1,MATCH(基础面板属性!$C26,镶嵌库!$C$4:$M$4,0),-1)),0) -> 0 | BA26: =IFERROR(INDEX(镶嵌库!$C$5:$M$13,基础面板属性!$D26+1,IF(LEFT(基础面板属性!$C26,2)&"值"=基础面板属性!BA$1,MATCH(基础面板属性!$C26,镶嵌库!$C$4:$M$4,0),-1)),0) -> 0 | BB26: =IFERROR(INDEX(镶嵌库!$C$5:$M$13,基础面板属性!$D26+1,IF(LEFT(基础面板属性!$C26,2)&"值"=基础面板属性!BB$1,MATCH(基础面板属性!$C26,镶嵌库!$C$4:$M$4,0),-1)),0) -> 0 | ... BD26: =IFERROR(INDEX(镶嵌库!$C$5:$M$13,基础面板属性!$D26+1,IF(LEFT(基础面板属性!$C26,2)&"值"=基础面板属性!BD$1,MATCH(基础面板属性!$C26,镶嵌库!$C$4:$M$4,0),-1)),0) -> 0
A27: =A24 -> 下装 | B27: 下装基础附魔 | C27: =IF(附魔库!$W$9="气血","基础气血值",附魔库!$W$9&"值") -> 无双值 | D27: =附魔库!X9 -> 3279 | E27: =IF(OR($C27=E$1,$C27&"大"=E$1,$C27&"小"=E$1),$D27,0) -> 0 | F27: =IF(OR($C27=F$1,$C27&"大"=F$1,$C27&"小"=F$1),$D27,0) -> 0 | G27: =IF(OR($C27=G$1,$C27&"大"=G$1,$C27&"小"=G$1),$D27,0) -> 0 | H27: =IF(OR($C27=H$1,$C27&"大"=H$1,$C27&"小"=H$1),$D27,0) -> 0 | I27: =IF(OR($C27=I$1,$C27&"大"=I$1,$C27&"小"=I$1),$D27,0) -> 0 | J27: =IF(OR($C27=J$1,$C27&"大"=J$1,$C27&"小"=J$1),$D27,0) -> 0 | K27: =IF(OR($C27=K$1,$C27&"大"=K$1,$C27&"小"=K$1),$D27,0) -> 0 | L27: =IF(OR($C27=L$1,$C27&"大"=L$1,$C27&"小"=L$1),$D27,0) -> 0 | ... AP27: =IF(OR($C27=AP$1,$C27&"大"=AP$1,$C27&"小"=AP$1),$D27,0) -> 0 | AU27: =IF(OR($C27=AU$1,$C27&"大"=AU$1,$C27&"小"=AU$1),$D27,0) -> 0 | AV27: =IF(OR($C27=AV$1,$C27&"大"=AV$1,$C27&"小"=AV$1),$D27,0) -> 0 | AW27: =IF(OR($C27=AW$1,$C27&"大"=AW$1,$C27&"小"=AW$1),$D27,0) -> 0 | AX27: =IF(OR($C27=AX$1,$C27&"大"=AX$1,$C27&"小"=AX$1),$D27,0) -> 0 | AY27: =IF(OR($C27=AY$1,$C27&"大"=AY$1,$C27&"小"=AY$1),$D27,0) -> 0 | AZ27: =IF(OR($C27=AZ$1,$C27&"大"=AZ$1,$C27&"小"=AZ$1),$D27,0) -> 0 | BA27: =IF(OR($C27=BA$1,$C27&"大"=BA$1,$C27&"小"=BA$1),$D27,0) -> 0 | BB27: =IF(OR($C27=BB$1,$C27&"大"=BB$1,$C27&"小"=BB$1),$D27,0) -> 0 | ... BD27: =IF(OR($C27=BD$1,$C27&"大"=BD$1,$C27&"小"=BD$1),$D27,0) -> 0
A28: =A24 -> 下装 | B28: 下装大附魔
A29: 鞋子 | B29: 鞋子装备 | C29: =配装计算器!I12 -> 【门派套装】玄阙·燃炼鞋(41400破无) | E29: =装备选择!AV7 -> 17103 | M29: =装备选择!AW7 -> 1395 | S29: =装备选择!AY7 -> 3169 | W29: =装备选择!AZ7 -> 0 | Z29: =装备选择!BA7 -> 0 | AC29: =装备选择!BB7 -> 11662 | AG29: =装备选择!BF7 -> 0 | AH29: =装备选择!BC7 -> 0 | AK29: =装备选择!BD7 -> 9329 | AP29: =装备选择!BE7 -> 0 | AU29: =装备选择!BH7 -> 0 | AV29: =装备选择!BI7 -> 0
A30: =A29 -> 鞋子 | B30: 鞋子五行石孔1 | C30: =配装计算器!H14 -> 攻击孔 | D30: =IF(C30="",0,IF(配装计算器!$K$32<>"不使用",镶嵌库!$Y$17,IFERROR(1*(LEFT(配装计算器!I14,1)),0))) -> 8 | E30: =IFERROR(INDEX(镶嵌库!$C$5:$M$13,基础面板属性!$D30+1,IF(LEFT(基础面板属性!$C30,2)&"值"=基础面板属性!E$1,MATCH(基础面板属性!$C30,镶嵌库!$C$4:$M$4,0),-1)),0) -> 0 | F30: =IFERROR(INDEX(镶嵌库!$C$5:$M$13,基础面板属性!$D30+1,IF(LEFT(基础面板属性!$C30,2)&"值"=基础面板属性!F$1,MATCH(基础面板属性!$C30,镶嵌库!$C$4:$M$4,0),-1)),0) -> 0 | G30: =IFERROR(INDEX(镶嵌库!$C$5:$M$13,基础面板属性!$D30+1,IF(LEFT(基础面板属性!$C30,2)&"值"=基础面板属性!G$1,MATCH(基础面板属性!$C30,镶嵌库!$C$4:$M$4,0),-1)),0) -> 0 | H30: =IFERROR(INDEX(镶嵌库!$C$5:$M$13,基础面板属性!$D30+1,IF(LEFT(基础面板属性!$C30,2)&"值"=基础面板属性!H$1,MATCH(基础面板属性!$C30,镶嵌库!$C$4:$M$4,0),-1)),0) -> 0 | I30: =IFERROR(INDEX(镶嵌库!$C$5:$M$13,基础面板属性!$D30+1,IF(LEFT(基础面板属性!$C30,2)&"值"=基础面板属性!I$1,MATCH(基础面板属性!$C30,镶嵌库!$C$4:$M$4,0),-1)),0) -> 0 | J30: =IFERROR(INDEX(镶嵌库!$C$5:$M$13,基础面板属性!$D30+1,IF(LEFT(基础面板属性!$C30,2)&"值"=基础面板属性!J$1,MATCH(基础面板属性!$C30,镶嵌库!$C$4:$M$4,0),-1)),0) -> 0 | K30: =IFERROR(INDEX(镶嵌库!$C$5:$M$13,基础面板属性!$D30+1,IF(LEFT(基础面板属性!$C30,2)&"值"=基础面板属性!K$1,MATCH(基础面板属性!$C30,镶嵌库!$C$4:$M$4,0),-1)),0) -> 0 | L30: =IFERROR(INDEX(镶嵌库!$C$5:$M$13,基础面板属性!$D30+1,IF(LEFT(基础面板属性!$C30,2)&"值"=基础面板属性!L$1,MATCH(基础面板属性!$C30,镶嵌库!$C$4:$M$4,0),-1)),0) -> 0 | ... AP30: =IFERROR(INDEX(镶嵌库!$C$5:$M$13,基础面板属性!$D30+1,IF(LEFT(基础面板属性!$C30,2)&"值"=基础面板属性!AP$1,MATCH(基础面板属性!$C30,镶嵌库!$C$4:$M$4,0),-1)),0) -> 0 | AU30: =IFERROR(INDEX(镶嵌库!$C$5:$M$13,基础面板属性!$D30+1,IF(LEFT(基础面板属性!$C30,2)&"值"=基础面板属性!AU$1,MATCH(基础面板属性!$C30,镶嵌库!$C$4:$M$4,0),-1)),0) -> 0 | AV30: =IFERROR(INDEX(镶嵌库!$C$5:$M$13,基础面板属性!$D30+1,IF(LEFT(基础面板属性!$C30,2)&"值"=基础面板属性!AV$1,MATCH(基础面板属性!$C30,镶嵌库!$C$4:$M$4,0),-1)),0) -> 0 | AW30: =IFERROR(INDEX(镶嵌库!$C$5:$M$13,基础面板属性!$D30+1,IF(LEFT(基础面板属性!$C30,2)&"值"=基础面板属性!AW$1,MATCH(基础面板属性!$C30,镶嵌库!$C$4:$M$4,0),-1)),0) -> 0 | AX30: =IFERROR(INDEX(镶嵌库!$C$5:$M$13,基础面板属性!$D30+1,IF(LEFT(基础面板属性!$C30,2)&"值"=基础面板属性!AX$1,MATCH(基础面板属性!$C30,镶嵌库!$C$4:$M$4,0),-1)),0) -> 0 | AY30: =IFERROR(INDEX(镶嵌库!$C$5:$M$13,基础面板属性!$D30+1,IF(LEFT(基础面板属性!$C30,2)&"值"=基础面板属性!AY$1,MATCH(基础面板属性!$C30,镶嵌库!$C$4:$M$4,0),-1)),0) -> 0 | AZ30: =IFERROR(INDEX(镶嵌库!$C$5:$M$13,基础面板属性!$D30+1,IF(LEFT(基础面板属性!$C30,2)&"值"=基础面板属性!AZ$1,MATCH(基础面板属性!$C30,镶嵌库!$C$4:$M$4,0),-1)),0) -> 0 | BA30: =IFERROR(INDEX(镶嵌库!$C$5:$M$13,基础面板属性!$D30+1,IF(LEFT(基础面板属性!$C30,2)&"值"=基础面板属性!BA$1,MATCH(基础面板属性!$C30,镶嵌库!$C$4:$M$4,0),-1)),0) -> 0 | BB30: =IFERROR(INDEX(镶嵌库!$C$5:$M$13,基础面板属性!$D30+1,IF(LEFT(基础面板属性!$C30,2)&"值"=基础面板属性!BB$1,MATCH(基础面板属性!$C30,镶嵌库!$C$4:$M$4,0),-1)),0) -> 0 | ... BD30: =IFERROR(INDEX(镶嵌库!$C$5:$M$13,基础面板属性!$D30+1,IF(LEFT(基础面板属性!$C30,2)&"值"=基础面板属性!BD$1,MATCH(基础面板属性!$C30,镶嵌库!$C$4:$M$4,0),-1)),0) -> 0
A31: =A29 -> 鞋子 | B31: 鞋子五行石孔2 | C31: =配装计算器!H15 -> 破防孔 | D31: =IF(C31="",0,IF(配装计算器!$K$32<>"不使用",镶嵌库!$Y$17,IFERROR(1*(LEFT(配装计算器!I15,1)),0))) -> 8 | E31: =IFERROR(INDEX(镶嵌库!$C$5:$M$13,基础面板属性!$D31+1,IF(LEFT(基础面板属性!$C31,2)&"值"=基础面板属性!E$1,MATCH(基础面板属性!$C31,镶嵌库!$C$4:$M$4,0),-1)),0) -> 0 | F31: =IFERROR(INDEX(镶嵌库!$C$5:$M$13,基础面板属性!$D31+1,IF(LEFT(基础面板属性!$C31,2)&"值"=基础面板属性!F$1,MATCH(基础面板属性!$C31,镶嵌库!$C$4:$M$4,0),-1)),0) -> 0 | G31: =IFERROR(INDEX(镶嵌库!$C$5:$M$13,基础面板属性!$D31+1,IF(LEFT(基础面板属性!$C31,2)&"值"=基础面板属性!G$1,MATCH(基础面板属性!$C31,镶嵌库!$C$4:$M$4,0),-1)),0) -> 0 | H31: =IFERROR(INDEX(镶嵌库!$C$5:$M$13,基础面板属性!$D31+1,IF(LEFT(基础面板属性!$C31,2)&"值"=基础面板属性!H$1,MATCH(基础面板属性!$C31,镶嵌库!$C$4:$M$4,0),-1)),0) -> 0 | I31: =IFERROR(INDEX(镶嵌库!$C$5:$M$13,基础面板属性!$D31+1,IF(LEFT(基础面板属性!$C31,2)&"值"=基础面板属性!I$1,MATCH(基础面板属性!$C31,镶嵌库!$C$4:$M$4,0),-1)),0) -> 0 | J31: =IFERROR(INDEX(镶嵌库!$C$5:$M$13,基础面板属性!$D31+1,IF(LEFT(基础面板属性!$C31,2)&"值"=基础面板属性!J$1,MATCH(基础面板属性!$C31,镶嵌库!$C$4:$M$4,0),-1)),0) -> 0 | K31: =IFERROR(INDEX(镶嵌库!$C$5:$M$13,基础面板属性!$D31+1,IF(LEFT(基础面板属性!$C31,2)&"值"=基础面板属性!K$1,MATCH(基础面板属性!$C31,镶嵌库!$C$4:$M$4,0),-1)),0) -> 0 | L31: =IFERROR(INDEX(镶嵌库!$C$5:$M$13,基础面板属性!$D31+1,IF(LEFT(基础面板属性!$C31,2)&"值"=基础面板属性!L$1,MATCH(基础面板属性!$C31,镶嵌库!$C$4:$M$4,0),-1)),0) -> 0 | ... AP31: =IFERROR(INDEX(镶嵌库!$C$5:$M$13,基础面板属性!$D31+1,IF(LEFT(基础面板属性!$C31,2)&"值"=基础面板属性!AP$1,MATCH(基础面板属性!$C31,镶嵌库!$C$4:$M$4,0),-1)),0) -> 0 | AU31: =IFERROR(INDEX(镶嵌库!$C$5:$M$13,基础面板属性!$D31+1,IF(LEFT(基础面板属性!$C31,2)&"值"=基础面板属性!AU$1,MATCH(基础面板属性!$C31,镶嵌库!$C$4:$M$4,0),-1)),0) -> 0 | AV31: =IFERROR(INDEX(镶嵌库!$C$5:$M$13,基础面板属性!$D31+1,IF(LEFT(基础面板属性!$C31,2)&"值"=基础面板属性!AV$1,MATCH(基础面板属性!$C31,镶嵌库!$C$4:$M$4,0),-1)),0) -> 0 | AW31: =IFERROR(INDEX(镶嵌库!$C$5:$M$13,基础面板属性!$D31+1,IF(LEFT(基础面板属性!$C31,2)&"值"=基础面板属性!AW$1,MATCH(基础面板属性!$C31,镶嵌库!$C$4:$M$4,0),-1)),0) -> 0 | AX31: =IFERROR(INDEX(镶嵌库!$C$5:$M$13,基础面板属性!$D31+1,IF(LEFT(基础面板属性!$C31,2)&"值"=基础面板属性!AX$1,MATCH(基础面板属性!$C31,镶嵌库!$C$4:$M$4,0),-1)),0) -> 0 | AY31: =IFERROR(INDEX(镶嵌库!$C$5:$M$13,基础面板属性!$D31+1,IF(LEFT(基础面板属性!$C31,2)&"值"=基础面板属性!AY$1,MATCH(基础面板属性!$C31,镶嵌库!$C$4:$M$4,0),-1)),0) -> 0 | AZ31: =IFERROR(INDEX(镶嵌库!$C$5:$M$13,基础面板属性!$D31+1,IF(LEFT(基础面板属性!$C31,2)&"值"=基础面板属性!AZ$1,MATCH(基础面板属性!$C31,镶嵌库!$C$4:$M$4,0),-1)),0) -> 0 | BA31: =IFERROR(INDEX(镶嵌库!$C$5:$M$13,基础面板属性!$D31+1,IF(LEFT(基础面板属性!$C31,2)&"值"=基础面板属性!BA$1,MATCH(基础面板属性!$C31,镶嵌库!$C$4:$M$4,0),-1)),0) -> 0 | BB31: =IFERROR(INDEX(镶嵌库!$C$5:$M$13,基础面板属性!$D31+1,IF(LEFT(基础面板属性!$C31,2)&"值"=基础面板属性!BB$1,MATCH(基础面板属性!$C31,镶嵌库!$C$4:$M$4,0),-1)),0) -> 0 | ... BD31: =IFERROR(INDEX(镶嵌库!$C$5:$M$13,基础面板属性!$D31+1,IF(LEFT(基础面板属性!$C31,2)&"值"=基础面板属性!BD$1,MATCH(基础面板属性!$C31,镶嵌库!$C$4:$M$4,0),-1)),0) -> 0
A32: =A29 -> 鞋子 | B32: 鞋子基础附魔 | C32: =IF(附魔库!$W$10="气血","基础气血值",附魔库!$W$10&"值") -> 加速值 | D32: =附魔库!X10 -> 3279 | E32: =IF(OR($C32=E$1,$C32&"大"=E$1,$C32&"小"=E$1),$D32,0) -> 0 | F32: =IF(OR($C32=F$1,$C32&"大"=F$1,$C32&"小"=F$1),$D32,0) -> 0 | G32: =IF(OR($C32=G$1,$C32&"大"=G$1,$C32&"小"=G$1),$D32,0) -> 0 | H32: =IF(OR($C32=H$1,$C32&"大"=H$1,$C32&"小"=H$1),$D32,0) -> 0 | I32: =IF(OR($C32=I$1,$C32&"大"=I$1,$C32&"小"=I$1),$D32,0) -> 0 | J32: =IF(OR($C32=J$1,$C32&"大"=J$1,$C32&"小"=J$1),$D32,0) -> 0 | K32: =IF(OR($C32=K$1,$C32&"大"=K$1,$C32&"小"=K$1),$D32,0) -> 0 | L32: =IF(OR($C32=L$1,$C32&"大"=L$1,$C32&"小"=L$1),$D32,0) -> 0 | ... AP32: =IF(OR($C32=AP$1,$C32&"大"=AP$1,$C32&"小"=AP$1),$D32,0) -> 3279 | AU32: =IF(OR($C32=AU$1,$C32&"大"=AU$1,$C32&"小"=AU$1),$D32,0) -> 0 | AV32: =IF(OR($C32=AV$1,$C32&"大"=AV$1,$C32&"小"=AV$1),$D32,0) -> 0 | AW32: =IF(OR($C32=AW$1,$C32&"大"=AW$1,$C32&"小"=AW$1),$D32,0) -> 0 | AX32: =IF(OR($C32=AX$1,$C32&"大"=AX$1,$C32&"小"=AX$1),$D32,0) -> 0 | AY32: =IF(OR($C32=AY$1,$C32&"大"=AY$1,$C32&"小"=AY$1),$D32,0) -> 0 | AZ32: =IF(OR($C32=AZ$1,$C32&"大"=AZ$1,$C32&"小"=AZ$1),$D32,0) -> 0 | BA32: =IF(OR($C32=BA$1,$C32&"大"=BA$1,$C32&"小"=BA$1),$D32,0) -> 0 | BB32: =IF(OR($C32=BB$1,$C32&"大"=BB$1,$C32&"小"=BB$1),$D32,0) -> 0 | ... BD32: =IF(OR($C32=BD$1,$C32&"大"=BD$1,$C32&"小"=BD$1),$D32,0) -> 0
A33: =A29 -> 鞋子 | B33: 鞋子大附魔
A34: 项链 | B34: 项链装备 | C34: =配装计算器!C17 -> 无修链·外·地(35300特效精简破无) | E34: =装备选择!AV8 -> 10417 | M34: =装备选择!AW8 -> 0 | S34: =装备选择!AY8 -> 3088 | W34: =装备选择!AZ8 -> 0 | Z34: =装备选择!BA8 -> 0 | AC34: =装备选择!BB8 -> 5208 | AG34: =装备选择!BF8 -> 0 | AH34: =装备选择!BC8 -> 0 | AK34: =装备选择!BD8 -> 10417 | AP34: =装备选择!BE8 -> 0 | AU34: =装备选择!BH8 -> 0 | AV34: =装备选择!BI8 -> 0
A35: =A34 -> 项链 | B35: 项链五行石孔1 | C35: =配装计算器!B19 -> 破招孔 | D35: =IF(C35="",0,IF(配装计算器!$K$32<>"不使用",镶嵌库!$Y$17,IFERROR(1*(LEFT(配装计算器!C19,1)),0))) -> 8 | E35: =IFERROR(INDEX(镶嵌库!$C$5:$M$13,基础面板属性!$D35+1,IF(LEFT(基础面板属性!$C35,2)&"值"=基础面板属性!E$1,MATCH(基础面板属性!$C35,镶嵌库!$C$4:$M$4,0),-1)),0) -> 0 | F35: =IFERROR(INDEX(镶嵌库!$C$5:$M$13,基础面板属性!$D35+1,IF(LEFT(基础面板属性!$C35,2)&"值"=基础面板属性!F$1,MATCH(基础面板属性!$C35,镶嵌库!$C$4:$M$4,0),-1)),0) -> 0 | G35: =IFERROR(INDEX(镶嵌库!$C$5:$M$13,基础面板属性!$D35+1,IF(LEFT(基础面板属性!$C35,2)&"值"=基础面板属性!G$1,MATCH(基础面板属性!$C35,镶嵌库!$C$4:$M$4,0),-1)),0) -> 0 | H35: =IFERROR(INDEX(镶嵌库!$C$5:$M$13,基础面板属性!$D35+1,IF(LEFT(基础面板属性!$C35,2)&"值"=基础面板属性!H$1,MATCH(基础面板属性!$C35,镶嵌库!$C$4:$M$4,0),-1)),0) -> 0 | I35: =IFERROR(INDEX(镶嵌库!$C$5:$M$13,基础面板属性!$D35+1,IF(LEFT(基础面板属性!$C35,2)&"值"=基础面板属性!I$1,MATCH(基础面板属性!$C35,镶嵌库!$C$4:$M$4,0),-1)),0) -> 0 | J35: =IFERROR(INDEX(镶嵌库!$C$5:$M$13,基础面板属性!$D35+1,IF(LEFT(基础面板属性!$C35,2)&"值"=基础面板属性!J$1,MATCH(基础面板属性!$C35,镶嵌库!$C$4:$M$4,0),-1)),0) -> 0 | K35: =IFERROR(INDEX(镶嵌库!$C$5:$M$13,基础面板属性!$D35+1,IF(LEFT(基础面板属性!$C35,2)&"值"=基础面板属性!K$1,MATCH(基础面板属性!$C35,镶嵌库!$C$4:$M$4,0),-1)),0) -> 0 | L35: =IFERROR(INDEX(镶嵌库!$C$5:$M$13,基础面板属性!$D35+1,IF(LEFT(基础面板属性!$C35,2)&"值"=基础面板属性!L$1,MATCH(基础面板属性!$C35,镶嵌库!$C$4:$M$4,0),-1)),0) -> 0 | ... AP35: =IFERROR(INDEX(镶嵌库!$C$5:$M$13,基础面板属性!$D35+1,IF(LEFT(基础面板属性!$C35,2)&"值"=基础面板属性!AP$1,MATCH(基础面板属性!$C35,镶嵌库!$C$4:$M$4,0),-1)),0) -> 0 | AU35: =IFERROR(INDEX(镶嵌库!$C$5:$M$13,基础面板属性!$D35+1,IF(LEFT(基础面板属性!$C35,2)&"值"=基础面板属性!AU$1,MATCH(基础面板属性!$C35,镶嵌库!$C$4:$M$4,0),-1)),0) -> 0 | AV35: =IFERROR(INDEX(镶嵌库!$C$5:$M$13,基础面板属性!$D35+1,IF(LEFT(基础面板属性!$C35,2)&"值"=基础面板属性!AV$1,MATCH(基础面板属性!$C35,镶嵌库!$C$4:$M$4,0),-1)),0) -> 0 | AW35: =IFERROR(INDEX(镶嵌库!$C$5:$M$13,基础面板属性!$D35+1,IF(LEFT(基础面板属性!$C35,2)&"值"=基础面板属性!AW$1,MATCH(基础面板属性!$C35,镶嵌库!$C$4:$M$4,0),-1)),0) -> 0 | AX35: =IFERROR(INDEX(镶嵌库!$C$5:$M$13,基础面板属性!$D35+1,IF(LEFT(基础面板属性!$C35,2)&"值"=基础面板属性!AX$1,MATCH(基础面板属性!$C35,镶嵌库!$C$4:$M$4,0),-1)),0) -> 0 | AY35: =IFERROR(INDEX(镶嵌库!$C$5:$M$13,基础面板属性!$D35+1,IF(LEFT(基础面板属性!$C35,2)&"值"=基础面板属性!AY$1,MATCH(基础面板属性!$C35,镶嵌库!$C$4:$M$4,0),-1)),0) -> 0 | AZ35: =IFERROR(INDEX(镶嵌库!$C$5:$M$13,基础面板属性!$D35+1,IF(LEFT(基础面板属性!$C35,2)&"值"=基础面板属性!AZ$1,MATCH(基础面板属性!$C35,镶嵌库!$C$4:$M$4,0),-1)),0) -> 0 | BA35: =IFERROR(INDEX(镶嵌库!$C$5:$M$13,基础面板属性!$D35+1,IF(LEFT(基础面板属性!$C35,2)&"值"=基础面板属性!BA$1,MATCH(基础面板属性!$C35,镶嵌库!$C$4:$M$4,0),-1)),0) -> 0 | BB35: =IFERROR(INDEX(镶嵌库!$C$5:$M$13,基础面板属性!$D35+1,IF(LEFT(基础面板属性!$C35,2)&"值"=基础面板属性!BB$1,MATCH(基础面板属性!$C35,镶嵌库!$C$4:$M$4,0),-1)),0) -> 0 | ... BD35: =IFERROR(INDEX(镶嵌库!$C$5:$M$13,基础面板属性!$D35+1,IF(LEFT(基础面板属性!$C35,2)&"值"=基础面板属性!BD$1,MATCH(基础面板属性!$C35,镶嵌库!$C$4:$M$4,0),-1)),0) -> 0
A36: =A34 -> 项链 | B36: 项链基础附魔 | C36: =IF(附魔库!$W$11="气血","基础气血值",附魔库!$W$11&"值") -> 身法值 | D36: =附魔库!X11 -> 628 | E36: =IF(OR($C36=E$1,$C36&"大"=E$1,$C36&"小"=E$1),$D36,0) -> 0 | F36: =IF(OR($C36=F$1,$C36&"大"=F$1,$C36&"小"=F$1),$D36,0) -> 0 | G36: =IF(OR($C36=G$1,$C36&"大"=G$1,$C36&"小"=G$1),$D36,0) -> 0 | H36: =IF(OR($C36=H$1,$C36&"大"=H$1,$C36&"小"=H$1),$D36,0) -> 0 | I36: =IF(OR($C36=I$1,$C36&"大"=I$1,$C36&"小"=I$1),$D36,0) -> 0 | J36: =IF(OR($C36=J$1,$C36&"大"=J$1,$C36&"小"=J$1),$D36,0) -> 0 | K36: =IF(OR($C36=K$1,$C36&"大"=K$1,$C36&"小"=K$1),$D36,0) -> 0 | L36: =IF(OR($C36=L$1,$C36&"大"=L$1,$C36&"小"=L$1),$D36,0) -> 0 | ... AP36: =IF(OR($C36=AP$1,$C36&"大"=AP$1,$C36&"小"=AP$1),$D36,0) -> 0 | AU36: =IF(OR($C36=AU$1,$C36&"大"=AU$1,$C36&"小"=AU$1),$D36,0) -> 0 | AV36: =IF(OR($C36=AV$1,$C36&"大"=AV$1,$C36&"小"=AV$1),$D36,0) -> 0 | AW36: =IF(OR($C36=AW$1,$C36&"大"=AW$1,$C36&"小"=AW$1),$D36,0) -> 0 | AX36: =IF(OR($C36=AX$1,$C36&"大"=AX$1,$C36&"小"=AX$1),$D36,0) -> 0 | AY36: =IF(OR($C36=AY$1,$C36&"大"=AY$1,$C36&"小"=AY$1),$D36,0) -> 0 | AZ36: =IF(OR($C36=AZ$1,$C36&"大"=AZ$1,$C36&"小"=AZ$1),$D36,0) -> 0 | BA36: =IF(OR($C36=BA$1,$C36&"大"=BA$1,$C36&"小"=BA$1),$D36,0) -> 0 | BB36: =IF(OR($C36=BB$1,$C36&"大"=BB$1,$C36&"小"=BB$1),$D36,0) -> 0 | ... BD36: =IF(OR($C36=BD$1,$C36&"大"=BD$1,$C36&"小"=BD$1),$D36,0) -> 0
A37: 腰坠 | B37: 腰坠装备 | C37: =配装计算器!C21 -> 掠影凰(37900橙·特效破无) | E37: =装备选择!AV9 -> 12992 | M37: =装备选择!AW9 -> 1060 | S37: =装备选择!AY9 -> 2408 | W37: =装备选择!AZ9 -> 0 | Z37: =装备选择!BA9 -> 0 | AC37: =装备选择!BB9 -> 8858 | AG37: =装备选择!BF9 -> 0 | AH37: =装备选择!BC9 -> 0 | AK37: =装备选择!BD9 -> 7087 | AP37: =装备选择!BE9 -> 0 | AU37: =装备选择!BH9 -> 0 | AV37: =装备选择!BI9 -> 0
A38: =A37 -> 腰坠 | B38: 腰坠五行石孔1 | C38: =配装计算器!B23 -> 破防孔 | D38: =IF(C38="",0,IF(配装计算器!$K$32<>"不使用",镶嵌库!$Y$17,IFERROR(1*(LEFT(配装计算器!C23,1)),0))) -> 8 | E38: =IFERROR(INDEX(镶嵌库!$C$5:$M$13,基础面板属性!$D38+1,IF(LEFT(基础面板属性!$C38,2)&"值"=基础面板属性!E$1,MATCH(基础面板属性!$C38,镶嵌库!$C$4:$M$4,0),-1)),0) -> 0 | F38: =IFERROR(INDEX(镶嵌库!$C$5:$M$13,基础面板属性!$D38+1,IF(LEFT(基础面板属性!$C38,2)&"值"=基础面板属性!F$1,MATCH(基础面板属性!$C38,镶嵌库!$C$4:$M$4,0),-1)),0) -> 0 | G38: =IFERROR(INDEX(镶嵌库!$C$5:$M$13,基础面板属性!$D38+1,IF(LEFT(基础面板属性!$C38,2)&"值"=基础面板属性!G$1,MATCH(基础面板属性!$C38,镶嵌库!$C$4:$M$4,0),-1)),0) -> 0 | H38: =IFERROR(INDEX(镶嵌库!$C$5:$M$13,基础面板属性!$D38+1,IF(LEFT(基础面板属性!$C38,2)&"值"=基础面板属性!H$1,MATCH(基础面板属性!$C38,镶嵌库!$C$4:$M$4,0),-1)),0) -> 0 | I38: =IFERROR(INDEX(镶嵌库!$C$5:$M$13,基础面板属性!$D38+1,IF(LEFT(基础面板属性!$C38,2)&"值"=基础面板属性!I$1,MATCH(基础面板属性!$C38,镶嵌库!$C$4:$M$4,0),-1)),0) -> 0 | J38: =IFERROR(INDEX(镶嵌库!$C$5:$M$13,基础面板属性!$D38+1,IF(LEFT(基础面板属性!$C38,2)&"值"=基础面板属性!J$1,MATCH(基础面板属性!$C38,镶嵌库!$C$4:$M$4,0),-1)),0) -> 0 | K38: =IFERROR(INDEX(镶嵌库!$C$5:$M$13,基础面板属性!$D38+1,IF(LEFT(基础面板属性!$C38,2)&"值"=基础面板属性!K$1,MATCH(基础面板属性!$C38,镶嵌库!$C$4:$M$4,0),-1)),0) -> 0 | L38: =IFERROR(INDEX(镶嵌库!$C$5:$M$13,基础面板属性!$D38+1,IF(LEFT(基础面板属性!$C38,2)&"值"=基础面板属性!L$1,MATCH(基础面板属性!$C38,镶嵌库!$C$4:$M$4,0),-1)),0) -> 0 | ... AP38: =IFERROR(INDEX(镶嵌库!$C$5:$M$13,基础面板属性!$D38+1,IF(LEFT(基础面板属性!$C38,2)&"值"=基础面板属性!AP$1,MATCH(基础面板属性!$C38,镶嵌库!$C$4:$M$4,0),-1)),0) -> 0 | AU38: =IFERROR(INDEX(镶嵌库!$C$5:$M$13,基础面板属性!$D38+1,IF(LEFT(基础面板属性!$C38,2)&"值"=基础面板属性!AU$1,MATCH(基础面板属性!$C38,镶嵌库!$C$4:$M$4,0),-1)),0) -> 0 | AV38: =IFERROR(INDEX(镶嵌库!$C$5:$M$13,基础面板属性!$D38+1,IF(LEFT(基础面板属性!$C38,2)&"值"=基础面板属性!AV$1,MATCH(基础面板属性!$C38,镶嵌库!$C$4:$M$4,0),-1)),0) -> 0 | AW38: =IFERROR(INDEX(镶嵌库!$C$5:$M$13,基础面板属性!$D38+1,IF(LEFT(基础面板属性!$C38,2)&"值"=基础面板属性!AW$1,MATCH(基础面板属性!$C38,镶嵌库!$C$4:$M$4,0),-1)),0) -> 0 | AX38: =IFERROR(INDEX(镶嵌库!$C$5:$M$13,基础面板属性!$D38+1,IF(LEFT(基础面板属性!$C38,2)&"值"=基础面板属性!AX$1,MATCH(基础面板属性!$C38,镶嵌库!$C$4:$M$4,0),-1)),0) -> 0 | AY38: =IFERROR(INDEX(镶嵌库!$C$5:$M$13,基础面板属性!$D38+1,IF(LEFT(基础面板属性!$C38,2)&"值"=基础面板属性!AY$1,MATCH(基础面板属性!$C38,镶嵌库!$C$4:$M$4,0),-1)),0) -> 0 | AZ38: =IFERROR(INDEX(镶嵌库!$C$5:$M$13,基础面板属性!$D38+1,IF(LEFT(基础面板属性!$C38,2)&"值"=基础面板属性!AZ$1,MATCH(基础面板属性!$C38,镶嵌库!$C$4:$M$4,0),-1)),0) -> 0 | BA38: =IFERROR(INDEX(镶嵌库!$C$5:$M$13,基础面板属性!$D38+1,IF(LEFT(基础面板属性!$C38,2)&"值"=基础面板属性!BA$1,MATCH(基础面板属性!$C38,镶嵌库!$C$4:$M$4,0),-1)),0) -> 0 | BB38: =IFERROR(INDEX(镶嵌库!$C$5:$M$13,基础面板属性!$D38+1,IF(LEFT(基础面板属性!$C38,2)&"值"=基础面板属性!BB$1,MATCH(基础面板属性!$C38,镶嵌库!$C$4:$M$4,0),-1)),0) -> 0 | ... BD38: =IFERROR(INDEX(镶嵌库!$C$5:$M$13,基础面板属性!$D38+1,IF(LEFT(基础面板属性!$C38,2)&"值"=基础面板属性!BD$1,MATCH(基础面板属性!$C38,镶嵌库!$C$4:$M$4,0),-1)),0) -> 0
A39: =A37 -> 腰坠 | B39: 腰坠基础附魔 | C39: =IF(附魔库!$W$12="气血","基础气血值",附魔库!$W$12&"值") -> 体质值 | D39: =附魔库!X12 -> 1037 | E39: =IF(OR($C39=E$1,$C39&"大"=E$1,$C39&"小"=E$1),$D39,0) -> 1037 | F39: =IF(OR($C39=F$1,$C39&"大"=F$1,$C39&"小"=F$1),$D39,0) -> 0 | G39: =IF(OR($C39=G$1,$C39&"大"=G$1,$C39&"小"=G$1),$D39,0) -> 0 | H39: =IF(OR($C39=H$1,$C39&"大"=H$1,$C39&"小"=H$1),$D39,0) -> 0 | I39: =IF(OR($C39=I$1,$C39&"大"=I$1,$C39&"小"=I$1),$D39,0) -> 0 | J39: =IF(OR($C39=J$1,$C39&"大"=J$1,$C39&"小"=J$1),$D39,0) -> 0 | K39: =IF(OR($C39=K$1,$C39&"大"=K$1,$C39&"小"=K$1),$D39,0) -> 0 | L39: =IF(OR($C39=L$1,$C39&"大"=L$1,$C39&"小"=L$1),$D39,0) -> 0 | ... AP39: =IF(OR($C39=AP$1,$C39&"大"=AP$1,$C39&"小"=AP$1),$D39,0) -> 0 | AU39: =IF(OR($C39=AU$1,$C39&"大"=AU$1,$C39&"小"=AU$1),$D39,0) -> 0 | AV39: =IF(OR($C39=AV$1,$C39&"大"=AV$1,$C39&"小"=AV$1),$D39,0) -> 0 | AW39: =IF(OR($C39=AW$1,$C39&"大"=AW$1,$C39&"小"=AW$1),$D39,0) -> 0 | AX39: =IF(OR($C39=AX$1,$C39&"大"=AX$1,$C39&"小"=AX$1),$D39,0) -> 0 | AY39: =IF(OR($C39=AY$1,$C39&"大"=AY$1,$C39&"小"=AY$1),$D39,0) -> 0 | AZ39: =IF(OR($C39=AZ$1,$C39&"大"=AZ$1,$C39&"小"=AZ$1),$D39,0) -> 0 | BA39: =IF(OR($C39=BA$1,$C39&"大"=BA$1,$C39&"小"=BA$1),$D39,0) -> 0 | BB39: =IF(OR($C39=BB$1,$C39&"大"=BB$1,$C39&"小"=BB$1),$D39,0) -> 0 | ... BD39: =IF(OR($C39=BD$1,$C39&"大"=BD$1,$C39&"小"=BD$1),$D39,0) -> 0
A40: 戒指1 | B40: 戒指1装备 | C40: =配装计算器!I17 -> 第一尊(35300特效精简会会招) | E40: =装备选择!AV10 -> 10417 | M40: =装备选择!AW10 -> 0 | S40: =装备选择!AY10 -> 3731 | W40: =装备选择!AZ10 -> 8523 | Z40: =装备选择!BA10 -> 3551 | AC40: =装备选择!BB10 -> 0 | AG40: =装备选择!BF10 -> 0 | AH40: =装备选择!BC10 -> 3551 | AK40: =装备选择!BD10 -> 0 | AP40: =装备选择!BE10 -> 0 | AU40: =装备选择!BH10 -> 0 | AV40: =装备选择!BI10 -> 0
A41: =A40 -> 戒指1 | B41: 戒指1基础附魔 | C41: =IF(附魔库!$W$13="气血","基础气血值",附魔库!$W$13&"值") -> 攻击值 | D41: =附魔库!X13 -> 1559 | E41: =IF(OR($C41=E$1,$C41&"大"=E$1,$C41&"小"=E$1),$D41,0) -> 0 | F41: =IF(OR($C41=F$1,$C41&"大"=F$1,$C41&"小"=F$1),$D41,0) -> 0 | G41: =IF(OR($C41=G$1,$C41&"大"=G$1,$C41&"小"=G$1),$D41,0) -> 0 | H41: =IF(OR($C41=H$1,$C41&"大"=H$1,$C41&"小"=H$1),$D41,0) -> 0 | I41: =IF(OR($C41=I$1,$C41&"大"=I$1,$C41&"小"=I$1),$D41,0) -> 0 | J41: =IF(OR($C41=J$1,$C41&"大"=J$1,$C41&"小"=J$1),$D41,0) -> 0 | K41: =IF(OR($C41=K$1,$C41&"大"=K$1,$C41&"小"=K$1),$D41,0) -> 0 | L41: =IF(OR($C41=L$1,$C41&"大"=L$1,$C41&"小"=L$1),$D41,0) -> 0 | ... AP41: =IF(OR($C41=AP$1,$C41&"大"=AP$1,$C41&"小"=AP$1),$D41,0) -> 0 | AU41: =IF(OR($C41=AU$1,$C41&"大"=AU$1,$C41&"小"=AU$1),$D41,0) -> 0 | AV41: =IF(OR($C41=AV$1,$C41&"大"=AV$1,$C41&"小"=AV$1),$D41,0) -> 0 | AW41: =IF(OR($C41=AW$1,$C41&"大"=AW$1,$C41&"小"=AW$1),$D41,0) -> 0 | AX41: =IF(OR($C41=AX$1,$C41&"大"=AX$1,$C41&"小"=AX$1),$D41,0) -> 0 | AY41: =IF(OR($C41=AY$1,$C41&"大"=AY$1,$C41&"小"=AY$1),$D41,0) -> 0 | AZ41: =IF(OR($C41=AZ$1,$C41&"大"=AZ$1,$C41&"小"=AZ$1),$D41,0) -> 0 | BA41: =IF(OR($C41=BA$1,$C41&"大"=BA$1,$C41&"小"=BA$1),$D41,0) -> 0 | BB41: =IF(OR($C41=BB$1,$C41&"大"=BB$1,$C41&"小"=BB$1),$D41,0) -> 0 | ... BD41: =IF(OR($C41=BD$1,$C41&"大"=BD$1,$C41&"小"=BD$1),$D41,0) -> 0
A42: 戒指2 | B42: 戒指2装备 | C42: =配装计算器!I21 -> 狂岚戒·明(41400精简会招无) | E42: =装备选择!AV11 -> 12216 | M42: =装备选择!AW11 -> 0 | S42: =装备选择!AY11 -> 4376 | W42: =装备选择!AZ11 -> 6108 | Z42: =装备选择!BA11 -> 0 | AC42: =装备选择!BB11 -> 0 | AG42: =装备选择!BF11 -> 0 | AH42: =装备选择!BC11 -> 6108 | AK42: =装备选择!BD11 -> 6108 | AP42: =装备选择!BE11 -> 0 | AU42: =装备选择!BH11 -> 0 | AV42: =装备选择!BI11 -> 0
A43: =A42 -> 戒指2 | B43: 戒指2基础附魔 | C43: =IF(附魔库!$W$14="气血","基础气血值",附魔库!$W$14&"值") -> 攻击值 | D43: =附魔库!X14 -> 1559 | E43: =IF(OR($C43=E$1,$C43&"大"=E$1,$C43&"小"=E$1),$D43,0) -> 0 | F43: =IF(OR($C43=F$1,$C43&"大"=F$1,$C43&"小"=F$1),$D43,0) -> 0 | G43: =IF(OR($C43=G$1,$C43&"大"=G$1,$C43&"小"=G$1),$D43,0) -> 0 | H43: =IF(OR($C43=H$1,$C43&"大"=H$1,$C43&"小"=H$1),$D43,0) -> 0 | I43: =IF(OR($C43=I$1,$C43&"大"=I$1,$C43&"小"=I$1),$D43,0) -> 0 | J43: =IF(OR($C43=J$1,$C43&"大"=J$1,$C43&"小"=J$1),$D43,0) -> 0 | K43: =IF(OR($C43=K$1,$C43&"大"=K$1,$C43&"小"=K$1),$D43,0) -> 0 | L43: =IF(OR($C43=L$1,$C43&"大"=L$1,$C43&"小"=L$1),$D43,0) -> 0 | ... AP43: =IF(OR($C43=AP$1,$C43&"大"=AP$1,$C43&"小"=AP$1),$D43,0) -> 0 | AU43: =IF(OR($C43=AU$1,$C43&"大"=AU$1,$C43&"小"=AU$1),$D43,0) -> 0 | AV43: =IF(OR($C43=AV$1,$C43&"大"=AV$1,$C43&"小"=AV$1),$D43,0) -> 0 | AW43: =IF(OR($C43=AW$1,$C43&"大"=AW$1,$C43&"小"=AW$1),$D43,0) -> 0 | AX43: =IF(OR($C43=AX$1,$C43&"大"=AX$1,$C43&"小"=AX$1),$D43,0) -> 0 | AY43: =IF(OR($C43=AY$1,$C43&"大"=AY$1,$C43&"小"=AY$1),$D43,0) -> 0 | AZ43: =IF(OR($C43=AZ$1,$C43&"大"=AZ$1,$C43&"小"=AZ$1),$D43,0) -> 0 | BA43: =IF(OR($C43=BA$1,$C43&"大"=BA$1,$C43&"小"=BA$1),$D43,0) -> 0 | BB43: =IF(OR($C43=BB$1,$C43&"大"=BB$1,$C43&"小"=BB$1),$D43,0) -> 0 | ... BD43: =IF(OR($C43=BD$1,$C43&"大"=BD$1,$C43&"小"=BD$1),$D43,0) -> 0
A44: 暗器 | B44: 暗器装备 | C44: =配装计算器!I25 -> 无修囊·外·天(38100特效精简招无) | E44: =装备选择!AV12 -> 13491 | M44: =装备选择!AW12 -> 0 | S44: =装备选择!AY12 -> 1666 | W44: =装备选择!AZ12 -> 0 | Z44: =装备选择!BA12 -> 0 | AC44: =装备选择!BB12 -> 0 | AG44: =装备选择!BF12 -> 0 | AH44: =装备选择!BC12 -> 24529 | AK44: =装备选择!BD12 -> 7359 | AP44: =装备选择!BE12 -> 0 | AU44: =装备选择!BH12 -> 0 | AV44: =装备选择!BI12 -> 0
A45: =A44 -> 暗器 | B45: 暗器五行石孔1 | C45: =配装计算器!H27 -> 破招孔 | D45: =IF(C45="",0,IF(配装计算器!$K$32<>"不使用",镶嵌库!$Y$17,IFERROR(1*(LEFT(配装计算器!I27,1)),0))) -> 8 | E45: =IFERROR(INDEX(镶嵌库!$C$5:$M$13,基础面板属性!$D45+1,IF(LEFT(基础面板属性!$C45,2)&"值"=基础面板属性!E$1,MATCH(基础面板属性!$C45,镶嵌库!$C$4:$M$4,0),-1)),0) -> 0 | F45: =IFERROR(INDEX(镶嵌库!$C$5:$M$13,基础面板属性!$D45+1,IF(LEFT(基础面板属性!$C45,2)&"值"=基础面板属性!F$1,MATCH(基础面板属性!$C45,镶嵌库!$C$4:$M$4,0),-1)),0) -> 0 | G45: =IFERROR(INDEX(镶嵌库!$C$5:$M$13,基础面板属性!$D45+1,IF(LEFT(基础面板属性!$C45,2)&"值"=基础面板属性!G$1,MATCH(基础面板属性!$C45,镶嵌库!$C$4:$M$4,0),-1)),0) -> 0 | H45: =IFERROR(INDEX(镶嵌库!$C$5:$M$13,基础面板属性!$D45+1,IF(LEFT(基础面板属性!$C45,2)&"值"=基础面板属性!H$1,MATCH(基础面板属性!$C45,镶嵌库!$C$4:$M$4,0),-1)),0) -> 0 | I45: =IFERROR(INDEX(镶嵌库!$C$5:$M$13,基础面板属性!$D45+1,IF(LEFT(基础面板属性!$C45,2)&"值"=基础面板属性!I$1,MATCH(基础面板属性!$C45,镶嵌库!$C$4:$M$4,0),-1)),0) -> 0 | J45: =IFERROR(INDEX(镶嵌库!$C$5:$M$13,基础面板属性!$D45+1,IF(LEFT(基础面板属性!$C45,2)&"值"=基础面板属性!J$1,MATCH(基础面板属性!$C45,镶嵌库!$C$4:$M$4,0),-1)),0) -> 0 | K45: =IFERROR(INDEX(镶嵌库!$C$5:$M$13,基础面板属性!$D45+1,IF(LEFT(基础面板属性!$C45,2)&"值"=基础面板属性!K$1,MATCH(基础面板属性!$C45,镶嵌库!$C$4:$M$4,0),-1)),0) -> 0 | L45: =IFERROR(INDEX(镶嵌库!$C$5:$M$13,基础面板属性!$D45+1,IF(LEFT(基础面板属性!$C45,2)&"值"=基础面板属性!L$1,MATCH(基础面板属性!$C45,镶嵌库!$C$4:$M$4,0),-1)),0) -> 0 | ... AP45: =IFERROR(INDEX(镶嵌库!$C$5:$M$13,基础面板属性!$D45+1,IF(LEFT(基础面板属性!$C45,2)&"值"=基础面板属性!AP$1,MATCH(基础面板属性!$C45,镶嵌库!$C$4:$M$4,0),-1)),0) -> 0 | AU45: =IFERROR(INDEX(镶嵌库!$C$5:$M$13,基础面板属性!$D45+1,IF(LEFT(基础面板属性!$C45,2)&"值"=基础面板属性!AU$1,MATCH(基础面板属性!$C45,镶嵌库!$C$4:$M$4,0),-1)),0) -> 0 | AV45: =IFERROR(INDEX(镶嵌库!$C$5:$M$13,基础面板属性!$D45+1,IF(LEFT(基础面板属性!$C45,2)&"值"=基础面板属性!AV$1,MATCH(基础面板属性!$C45,镶嵌库!$C$4:$M$4,0),-1)),0) -> 0 | AW45: =IFERROR(INDEX(镶嵌库!$C$5:$M$13,基础面板属性!$D45+1,IF(LEFT(基础面板属性!$C45,2)&"值"=基础面板属性!AW$1,MATCH(基础面板属性!$C45,镶嵌库!$C$4:$M$4,0),-1)),0) -> 0 | AX45: =IFERROR(INDEX(镶嵌库!$C$5:$M$13,基础面板属性!$D45+1,IF(LEFT(基础面板属性!$C45,2)&"值"=基础面板属性!AX$1,MATCH(基础面板属性!$C45,镶嵌库!$C$4:$M$4,0),-1)),0) -> 0 | AY45: =IFERROR(INDEX(镶嵌库!$C$5:$M$13,基础面板属性!$D45+1,IF(LEFT(基础面板属性!$C45,2)&"值"=基础面板属性!AY$1,MATCH(基础面板属性!$C45,镶嵌库!$C$4:$M$4,0),-1)),0) -> 0 | AZ45: =IFERROR(INDEX(镶嵌库!$C$5:$M$13,基础面板属性!$D45+1,IF(LEFT(基础面板属性!$C45,2)&"值"=基础面板属性!AZ$1,MATCH(基础面板属性!$C45,镶嵌库!$C$4:$M$4,0),-1)),0) -> 0 | BA45: =IFERROR(INDEX(镶嵌库!$C$5:$M$13,基础面板属性!$D45+1,IF(LEFT(基础面板属性!$C45,2)&"值"=基础面板属性!BA$1,MATCH(基础面板属性!$C45,镶嵌库!$C$4:$M$4,0),-1)),0) -> 0 | BB45: =IFERROR(INDEX(镶嵌库!$C$5:$M$13,基础面板属性!$D45+1,IF(LEFT(基础面板属性!$C45,2)&"值"=基础面板属性!BB$1,MATCH(基础面板属性!$C45,镶嵌库!$C$4:$M$4,0),-1)),0) -> 0 | ... BD45: =IFERROR(INDEX(镶嵌库!$C$5:$M$13,基础面板属性!$D45+1,IF(LEFT(基础面板属性!$C45,2)&"值"=基础面板属性!BD$1,MATCH(基础面板属性!$C45,镶嵌库!$C$4:$M$4,0),-1)),0) -> 0
A46: =A44 -> 暗器 | B46: 暗器基础附魔 | C46: =IF(附魔库!$W$15="气血","基础气血值",附魔库!$W$15&"值") -> 破防值 | D46: =附魔库!X15 -> 4099 | E46: =IF(OR($C46=E$1,$C46&"大"=E$1,$C46&"小"=E$1),$D46,0) -> 0 | F46: =IF(OR($C46=F$1,$C46&"大"=F$1,$C46&"小"=F$1),$D46,0) -> 0 | G46: =IF(OR($C46=G$1,$C46&"大"=G$1,$C46&"小"=G$1),$D46,0) -> 0 | H46: =IF(OR($C46=H$1,$C46&"大"=H$1,$C46&"小"=H$1),$D46,0) -> 0 | I46: =IF(OR($C46=I$1,$C46&"大"=I$1,$C46&"小"=I$1),$D46,0) -> 0 | J46: =IF(OR($C46=J$1,$C46&"大"=J$1,$C46&"小"=J$1),$D46,0) -> 0 | K46: =IF(OR($C46=K$1,$C46&"大"=K$1,$C46&"小"=K$1),$D46,0) -> 0 | L46: =IF(OR($C46=L$1,$C46&"大"=L$1,$C46&"小"=L$1),$D46,0) -> 0 | ... AP46: =IF(OR($C46=AP$1,$C46&"大"=AP$1,$C46&"小"=AP$1),$D46,0) -> 0 | AU46: =IF(OR($C46=AU$1,$C46&"大"=AU$1,$C46&"小"=AU$1),$D46,0) -> 0 | AV46: =IF(OR($C46=AV$1,$C46&"大"=AV$1,$C46&"小"=AV$1),$D46,0) -> 0 | AW46: =IF(OR($C46=AW$1,$C46&"大"=AW$1,$C46&"小"=AW$1),$D46,0) -> 0 | AX46: =IF(OR($C46=AX$1,$C46&"大"=AX$1,$C46&"小"=AX$1),$D46,0) -> 0 | AY46: =IF(OR($C46=AY$1,$C46&"大"=AY$1,$C46&"小"=AY$1),$D46,0) -> 0 | AZ46: =IF(OR($C46=AZ$1,$C46&"大"=AZ$1,$C46&"小"=AZ$1),$D46,0) -> 0 | BA46: =IF(OR($C46=BA$1,$C46&"大"=BA$1,$C46&"小"=BA$1),$D46,0) -> 0 | BB46: =IF(OR($C46=BB$1,$C46&"大"=BB$1,$C46&"小"=BB$1),$D46,0) -> 0 | ... BD46: =IF(OR($C46=BD$1,$C46&"大"=BD$1,$C46&"小"=BD$1),$D46,0) -> 0
A47: 轻剑 | B47: 轻剑装备 | C47: =配装计算器!C25 -> 伏魔悲音(42500大橙武) | E47: =装备选择!AV13 -> 34968 | M47: =装备选择!AW13 -> 2853 | P47: =装备选择!X13 -> 0 | S47: =装备选择!AY13 -> 13836 | W47: =装备选择!AZ13 -> 20662 | Z47: =装备选择!BA13 -> 0 | AC47: =装备选择!BB13 -> 15894 | AG47: =装备选择!BF13 -> 0 | AH47: =装备选择!BC13 -> 0 | AK47: =装备选择!BD13 -> 0 | AP47: =装备选择!BE13 -> 7947 | AU47: =装备选择!BH13 -> 9521 | AV47: =装备选择!BI13 -> 15868
